{"textures":{"1":"modelengine:entity/scene_blacksmith_1","particle":"#1"},"elements":[{"from":[0.0,11.25,3.0],"to":[16.0,17.25,13.0],"faces":{"east":{"uv":[2.5,6.0,5.0,7.5],"tintindex":0,"rotation":0,"texture":"#1"},"south":{"uv":[4.0,4.5,8.0,6.0],"tintindex":0,"rotation":0,"texture":"#1"},"north":{"uv":[8.0,4.5,4.0,6.0],"tintindex":0,"rotation":0,"texture":"#1"},"west":{"uv":[2.5,6.0,5.0,7.5],"tintindex":0,"rotation":0,"texture":"#1"},"up":{"uv":[4.0,2.5,0.0,0.0],"tintindex":0,"rotation":0,"texture":"#1"},"down":{"uv":[4.0,0.0,0.0,2.5],"tintindex":0,"rotation":0,"texture":"#1"}}},{"from":[3.0,5.25,4.0],"to":[13.0,6.25,12.0],"faces":{"east":{"uv":[8.25,4.25,10.25,4.5],"tintindex":0,"rotation":0,"texture":"#1"},"south":{"uv":[8.25,4.0,10.75,4.25],"tintindex":0,"rotation":0,"texture":"#1"},"north":{"uv":[10.75,4.0,8.25,4.25],"tintindex":0,"rotation":0,"texture":"#1"},"west":{"uv":[8.25,4.25,10.25,4.5],"tintindex":0,"rotation":0,"texture":"#1"},"up":{"uv":[2.5,7.0,0.0,5.0],"tintindex":0,"rotation":0,"texture":"#1"}}},{"from":[4.0,6.25,6.0],"to":[12.0,11.25,10.0],"faces":{"east":{"uv":[8.0,2.0,9.0,3.25],"tintindex":0,"rotation":0,"texture":"#1"},"south":{"uv":[5.0,7.0,7.0,8.25],"tintindex":0,"rotation":0,"texture":"#1"},"north":{"uv":[7.0,7.0,5.0,8.25],"tintindex":0,"rotation":0,"texture":"#1"},"west":{"uv":[8.0,2.0,9.0,3.25],"tintindex":0,"rotation":0,"texture":"#1"}}},{"from":[2.0,1.25,2.0],"to":[14.0,5.25,14.0],"faces":{"east":{"uv":[7.0,0.0,10.0,1.0],"tintindex":0,"rotation":0,"texture":"#1"},"south":{"uv":[7.0,1.0,10.0,2.0],"tintindex":0,"rotation":0,"texture":"#1"},"north":{"uv":[10.0,1.0,7.0,2.0],"tintindex":0,"rotation":0,"texture":"#1"},"west":{"uv":[7.0,0.0,10.0,1.0],"tintindex":0,"rotation":0,"texture":"#1"},"up":{"uv":[7.0,3.0,4.0,0.0],"tintindex":0,"rotation":0,"texture":"#1"},"down":{"uv":[7.0,0.0,4.0,3.0],"tintindex":0,"rotation":0,"texture":"#1"}}}],"display":{"head":{"rotation":[0.0,0.0,0.0]},"firstperson_righthand":{"rotation":[0.0,0.0,0.0]},"thirdperson_lefthand":{"rotation":[0.0,-0.0,-0.0]},"firstperson_lefthand":{"rotation":[0.0,-0.0,-0.0]},"fixed":{"rotation":[0.0,0.0,0.0]},"ground":{"rotation":[0.0,0.0,0.0]},"thirdperson_righthand":{"rotation":[0.0,0.0,0.0]},"gui":{"rotation":[-150.0,-45.0,180.0]}}}