{"textures":{"0":"modelengine:entity/439f75ef42bafb65","2":"modelengine:entity/blacksmith_apron_optional","particle":"#0"},"elements":[{"from":[4.1614494,7.7646713,5.763018],"to":[12.236449,19.639671,10.038018],"faces":{"east":{"uv":[4.0,9.0,5.0,12.0],"tintindex":0,"rotation":0,"texture":"#0"},"south":{"uv":[8.0,9.0,10.0,12.0],"tintindex":0,"rotation":0,"texture":"#0"},"north":{"uv":[5.0,9.0,7.0,12.0],"tintindex":0,"rotation":0,"texture":"#0"},"west":{"uv":[7.0,9.0,8.0,12.0],"tintindex":0,"rotation":0,"texture":"#0"},"up":{"uv":[7.0,9.0,5.0,8.0],"tintindex":0,"rotation":0,"texture":"#0"},"down":{"uv":[9.0,8.0,7.0,9.0],"tintindex":0,"rotation":0,"texture":"#0"}}},{"from":[4.3989496,8.002171,6.0005183],"to":[11.998949,19.40217,9.800518],"faces":{"east":{"uv":[4.0,5.0,5.0,8.0],"tintindex":0,"rotation":0,"texture":"#0"},"south":{"uv":[8.0,5.0,10.0,8.0],"tintindex":0,"rotation":0,"texture":"#0"},"north":{"uv":[5.0,5.0,7.0,8.0],"tintindex":0,"rotation":0,"texture":"#0"},"west":{"uv":[7.0,5.0,8.0,8.0],"tintindex":0,"rotation":0,"texture":"#0"},"up":{"uv":[7.0,5.0,5.0,4.0],"tintindex":0,"rotation":0,"texture":"#0"},"down":{"uv":[9.0,4.0,7.0,5.0],"tintindex":0,"rotation":0,"texture":"#0"}}},{"from":[3.9239492,7.0521703,5.050518],"to":[12.473949,19.87717,10.750518],"faces":{"east":{"uv":[0.0,7.0,3.0,14.0],"tintindex":0,"rotation":0,"texture":"#2"},"south":{"uv":[4.5,0.0,9.0,7.0],"tintindex":0,"rotation":0,"texture":"#2"},"north":{"uv":[0.0,0.0,4.5,7.0],"tintindex":0,"rotation":0,"texture":"#2"},"west":{"uv":[3.0,7.0,6.0,14.0],"tintindex":0,"rotation":0,"texture":"#2"},"up":{"uv":[10.5,10.0,6.0,7.0],"tintindex":0,"rotation":0,"texture":"#2"},"down":{"uv":[13.5,0.0,9.0,3.0],"tintindex":0,"rotation":0,"texture":"#2"}}}],"display":{"head":{"rotation":[-0.49999622,-3.9904803E-6,-0.9999981]},"firstperson_righthand":{"rotation":[-0.49999622,-3.9904803E-6,-0.9999981]},"thirdperson_lefthand":{"rotation":[-0.49999622,3.9904803E-6,0.9999981]},"firstperson_lefthand":{"rotation":[-0.49999622,3.9904803E-6,0.9999981]},"fixed":{"rotation":[-0.49999622,-3.9904803E-6,-0.9999981]},"ground":{"rotation":[-0.49999622,-3.9904803E-6,-0.9999981]},"thirdperson_righthand":{"rotation":[-0.49999622,-3.9904803E-6,-0.9999981]},"gui":{"rotation":[-149.29292,-44.997814,179.49998]}}}