{"textures":{"1":"modelengine:entity/scene_blacksmith_1","particle":"#1"},"elements":[{"from":[5.8625,4.4375,5.8624997],"to":[10.137501,11.562501,10.137501],"faces":{"east":{"uv":[2.0,7.5,3.0,9.25],"tintindex":0,"rotation":0,"texture":"#1"},"south":{"uv":[3.0,7.5,4.0,9.25],"tintindex":0,"rotation":0,"texture":"#1"},"north":{"uv":[7.0,7.0,8.0,8.75],"tintindex":0,"rotation":0,"texture":"#1"},"west":{"uv":[4.0,7.5,5.0,9.25],"tintindex":0,"rotation":0,"texture":"#1"},"up":{"uv":[3.5,6.0,2.5,5.0],"tintindex":0,"rotation":0,"texture":"#1"},"down":{"uv":[8.0,2.0,7.0,3.0],"tintindex":0,"rotation":0,"texture":"#1"}}}],"display":{"head":{"rotation":[0.0,0.0,0.0]},"firstperson_righthand":{"rotation":[0.0,0.0,0.0]},"thirdperson_lefthand":{"rotation":[0.0,-0.0,-0.0]},"firstperson_lefthand":{"rotation":[0.0,-0.0,-0.0]},"fixed":{"rotation":[0.0,0.0,0.0]},"ground":{"rotation":[0.0,0.0,0.0]},"thirdperson_righthand":{"rotation":[0.0,0.0,0.0]},"gui":{"rotation":[-150.0,-45.0,180.0]}}}