{"textures":{"1":"modelengine:entity/scene_blacksmith_1","particle":"#1"},"elements":[{"from":[7.2875,7.2875004,-1.9512501],"to":[8.7125,8.712501,11.82375],"faces":{"east":{"uv":[8.0,3.25,11.5,3.5],"tintindex":0,"rotation":0,"texture":"#1"},"south":{"uv":[9.5,8.0,9.75,8.25],"tintindex":0,"rotation":0,"texture":"#1"},"north":{"uv":[9.5,7.75,9.75,8.0],"tintindex":0,"rotation":0,"texture":"#1"},"west":{"uv":[8.0,3.5,11.5,3.75],"tintindex":0,"rotation":0,"texture":"#1"},"up":{"uv":[8.25,7.25,8.0,3.75],"tintindex":0,"rotation":0,"texture":"#1"},"down":{"uv":[8.25,7.25,8.0,10.75],"tintindex":0,"rotation":0,"texture":"#1"}}}],"display":{"head":{"rotation":[0.0,0.0,0.0]},"firstperson_righthand":{"rotation":[0.0,0.0,0.0]},"thirdperson_lefthand":{"rotation":[0.0,-0.0,-0.0]},"firstperson_lefthand":{"rotation":[0.0,-0.0,-0.0]},"fixed":{"rotation":[0.0,0.0,0.0]},"ground":{"rotation":[0.0,0.0,0.0]},"thirdperson_righthand":{"rotation":[0.0,0.0,0.0]},"gui":{"rotation":[-150.0,-45.0,180.0]}}}