{"textures":{"0":"modelengine:entity/439f75ef42bafb65","particle":"#0"},"elements":[{"from":[4.9125,-1.7374992,5.8625],"to":[9.1875,10.137501,10.1375],"faces":{"east":{"uv":[12.0,13.0,13.0,16.0],"tintindex":0,"rotation":0,"texture":"#0"},"south":{"uv":[15.0,13.0,16.0,16.0],"tintindex":0,"rotation":0,"texture":"#0"},"north":{"uv":[13.0,13.0,14.0,16.0],"tintindex":0,"rotation":0,"texture":"#0"},"west":{"uv":[14.0,13.0,15.0,16.0],"tintindex":0,"rotation":0,"texture":"#0"},"up":{"uv":[14.0,13.0,13.0,12.0],"tintindex":0,"rotation":0,"texture":"#0"},"down":{"uv":[15.0,12.0,14.0,13.0],"tintindex":0,"rotation":0,"texture":"#0"}}},{"from":[5.15,-1.5,6.1],"to":[8.95,9.9,9.9],"faces":{"east":{"uv":[8.0,13.0,9.0,16.0],"tintindex":0,"rotation":0,"texture":"#0"},"south":{"uv":[11.0,13.0,12.0,16.0],"tintindex":0,"rotation":0,"texture":"#0"},"north":{"uv":[9.0,13.0,10.0,16.0],"tintindex":0,"rotation":0,"texture":"#0"},"west":{"uv":[10.0,13.0,11.0,16.0],"tintindex":0,"rotation":0,"texture":"#0"},"up":{"uv":[10.0,13.0,9.0,12.0],"tintindex":0,"rotation":0,"texture":"#0"},"down":{"uv":[11.0,12.0,10.0,13.0],"tintindex":0,"rotation":0,"texture":"#0"}}}],"display":{"head":{"rotation":[0.0,0.0,0.0]},"firstperson_righthand":{"rotation":[0.0,0.0,0.0]},"thirdperson_lefthand":{"rotation":[0.0,-0.0,-0.0]},"firstperson_lefthand":{"rotation":[0.0,-0.0,-0.0]},"fixed":{"rotation":[0.0,0.0,0.0]},"ground":{"rotation":[0.0,0.0,0.0]},"thirdperson_righthand":{"rotation":[0.0,0.0,0.0]},"gui":{"rotation":[-150.0,-45.0,180.0]}}}