{"textures":{"0":"modelengine:entity/439f75ef42bafb65","particle":"#0"},"elements":[{"from":[7.05,-1.5,6.1],"to":[10.85,9.9,9.9],"faces":{"east":{"uv":[10.0,5.0,11.0,8.0],"tintindex":0,"rotation":0,"texture":"#0"},"south":{"uv":[13.0,5.0,14.0,8.0],"tintindex":0,"rotation":0,"texture":"#0"},"north":{"uv":[11.0,5.0,12.0,8.0],"tintindex":0,"rotation":0,"texture":"#0"},"west":{"uv":[12.0,5.0,13.0,8.0],"tintindex":0,"rotation":0,"texture":"#0"},"up":{"uv":[12.0,5.0,11.0,4.0],"tintindex":0,"rotation":0,"texture":"#0"},"down":{"uv":[13.0,4.0,12.0,5.0],"tintindex":0,"rotation":0,"texture":"#0"}}},{"from":[6.8125,-1.7374992,5.8625],"to":[11.0875,10.137501,10.1375],"faces":{"east":{"uv":[10.0,9.0,11.0,12.0],"tintindex":0,"rotation":0,"texture":"#0"},"south":{"uv":[13.0,9.0,14.0,12.0],"tintindex":0,"rotation":0,"texture":"#0"},"north":{"uv":[11.0,9.0,12.0,12.0],"tintindex":0,"rotation":0,"texture":"#0"},"west":{"uv":[12.0,9.0,13.0,12.0],"tintindex":0,"rotation":0,"texture":"#0"},"up":{"uv":[12.0,9.0,11.0,8.0],"tintindex":0,"rotation":0,"texture":"#0"},"down":{"uv":[13.0,8.0,12.0,9.0],"tintindex":0,"rotation":0,"texture":"#0"}}}],"display":{"head":{"rotation":[0.0,0.0,0.0]},"firstperson_righthand":{"rotation":[0.0,0.0,0.0]},"thirdperson_lefthand":{"rotation":[0.0,-0.0,-0.0]},"firstperson_lefthand":{"rotation":[0.0,-0.0,-0.0]},"fixed":{"rotation":[0.0,0.0,0.0]},"ground":{"rotation":[0.0,0.0,0.0]},"thirdperson_righthand":{"rotation":[0.0,0.0,0.0]},"gui":{"rotation":[-150.0,-45.0,180.0]}}}