{"textures":{"0":"modelengine:entity/439f75ef42bafb65","2":"modelengine:entity/blacksmith_apron_optional","particle":"#0"},"elements":[{"from":[6.1,-3.3999996,6.1],"to":[9.9,8.0,9.9],"faces":{"east":{"uv":[0.0,5.0,1.0,8.0],"tintindex":0,"rotation":0,"texture":"#0"},"south":{"uv":[3.0,5.0,4.0,8.0],"tintindex":0,"rotation":0,"texture":"#0"},"north":{"uv":[1.0,5.0,2.0,8.0],"tintindex":0,"rotation":0,"texture":"#0"},"west":{"uv":[2.0,5.0,3.0,8.0],"tintindex":0,"rotation":0,"texture":"#0"},"up":{"uv":[2.0,5.0,1.0,4.0],"tintindex":0,"rotation":0,"texture":"#0"},"down":{"uv":[3.0,4.0,2.0,5.0],"tintindex":0,"rotation":0,"texture":"#0"}}},{"from":[5.8625,-3.6374998,5.8625],"to":[10.1375,8.2375,10.1375],"faces":{"east":{"uv":[0.0,9.0,1.0,12.0],"tintindex":0,"rotation":0,"texture":"#0"},"south":{"uv":[3.0,9.0,4.0,12.0],"tintindex":0,"rotation":0,"texture":"#0"},"north":{"uv":[1.0,9.0,2.0,12.0],"tintindex":0,"rotation":0,"texture":"#0"},"west":{"uv":[2.0,9.0,3.0,12.0],"tintindex":0,"rotation":0,"texture":"#0"},"up":{"uv":[2.0,9.0,1.0,8.0],"tintindex":0,"rotation":0,"texture":"#0"},"down":{"uv":[3.0,8.0,2.0,9.0],"tintindex":0,"rotation":0,"texture":"#0"}}},{"from":[6.1,1.3500004,5.34],"to":[10.375,8.0,5.625],"faces":{"east":{"uv":[11.0,6.5,11.5,10.0],"tintindex":0,"rotation":0,"texture":"#2"},"south":{"uv":[10.0,10.0,12.0,13.5],"tintindex":0,"rotation":0,"texture":"#2"},"north":{"uv":[8.0,10.0,10.0,13.5],"tintindex":0,"rotation":0,"texture":"#2"},"west":{"uv":[11.5,3.0,12.0,6.5],"tintindex":0,"rotation":0,"texture":"#2"},"up":{"uv":[13.5,8.0,11.5,7.5],"tintindex":0,"rotation":0,"texture":"#2"},"down":{"uv":[13.5,8.0,11.5,8.5],"tintindex":0,"rotation":0,"texture":"#2"}}}],"display":{"head":{"rotation":[0.0,0.0,0.0]},"firstperson_righthand":{"rotation":[0.0,0.0,0.0]},"thirdperson_lefthand":{"rotation":[0.0,-0.0,-0.0]},"firstperson_lefthand":{"rotation":[0.0,-0.0,-0.0]},"fixed":{"rotation":[0.0,0.0,0.0]},"ground":{"rotation":[0.0,0.0,0.0]},"thirdperson_righthand":{"rotation":[0.0,0.0,0.0]},"gui":{"rotation":[-150.0,-45.0,180.0]}}}