{"textures":{"1":"modelengine:entity/scene_blacksmith_1","particle":"#1"},"elements":[{"from":[9.36842,7.5,3.89474],"to":[14.36842,8.5,4.89474],"faces":{"east":{"uv":[0.5,9.5,0.75,9.75],"tintindex":0,"rotation":0,"texture":"#1"},"south":{"uv":[8.25,8.25,9.5,8.5],"tintindex":0,"rotation":0,"texture":"#1"},"north":{"uv":[8.25,8.25,9.5,8.5],"tintindex":0,"rotation":0,"texture":"#1"},"west":{"uv":[0.75,9.5,1.0,9.75],"tintindex":0,"rotation":0,"texture":"#1"},"up":{"uv":[6.25,8.75,5.0,8.5],"tintindex":0,"rotation":0,"texture":"#1"},"down":{"uv":[9.5,8.5,8.25,8.75],"tintindex":0,"rotation":0,"texture":"#1"}}},{"from":[3.3684201,7.5,8.89474],"to":[9.36842,8.5,9.89474],"faces":{"east":{"uv":[4.75,9.5,5.0,9.75],"tintindex":0,"rotation":0,"texture":"#1"},"south":{"uv":[8.25,5.75,9.75,6.0],"tintindex":0,"rotation":0,"texture":"#1"},"north":{"uv":[8.25,5.75,9.75,6.0],"tintindex":0,"rotation":0,"texture":"#1"},"west":{"uv":[5.0,9.5,5.25,9.75],"tintindex":0,"rotation":0,"texture":"#1"},"up":{"uv":[9.75,6.25,8.25,6.0],"tintindex":0,"rotation":0,"texture":"#1"},"down":{"uv":[9.75,6.25,8.25,6.5],"tintindex":0,"rotation":0,"texture":"#1"}}},{"from":[2.3684201,7.5,5.89474],"to":[4.36842,8.5,6.89474],"faces":{"east":{"uv":[9.5,7.5,9.75,7.75],"tintindex":0,"rotation":0,"texture":"#1"},"south":{"uv":[7.25,9.25,7.75,9.5],"tintindex":0,"rotation":0,"texture":"#1"},"north":{"uv":[7.25,9.25,7.75,9.5],"tintindex":0,"rotation":0,"texture":"#1"},"west":{"uv":[7.75,9.5,8.0,9.75],"tintindex":0,"rotation":0,"texture":"#1"},"up":{"uv":[8.75,9.5,8.25,9.25],"tintindex":0,"rotation":0,"texture":"#1"},"down":{"uv":[9.25,9.25,8.75,9.5],"tintindex":0,"rotation":0,"texture":"#1"}}},{"from":[0.36842012,7.5,12.894739],"to":[4.36842,8.5,13.894739],"faces":{"east":{"uv":[7.25,9.5,7.5,9.75],"tintindex":0,"rotation":0,"texture":"#1"},"south":{"uv":[9.0,6.75,10.0,7.0],"tintindex":0,"rotation":0,"texture":"#1"},"north":{"uv":[9.0,6.75,10.0,7.0],"tintindex":0,"rotation":0,"texture":"#1"},"west":{"uv":[7.5,9.5,7.75,9.75],"tintindex":0,"rotation":0,"texture":"#1"},"up":{"uv":[8.0,9.25,7.0,9.0],"tintindex":0,"rotation":0,"texture":"#1"},"down":{"uv":[10.0,7.0,9.0,7.25],"tintindex":0,"rotation":0,"texture":"#1"}}},{"from":[6.36842,7.5,11.894739],"to":[8.36842,8.5,12.894739],"faces":{"east":{"uv":[5.25,9.5,5.5,9.75],"tintindex":0,"rotation":0,"texture":"#1"},"south":{"uv":[5.75,9.25,6.25,9.5],"tintindex":0,"rotation":0,"texture":"#1"},"north":{"uv":[5.75,9.25,6.25,9.5],"tintindex":0,"rotation":0,"texture":"#1"},"west":{"uv":[5.5,9.5,5.75,9.75],"tintindex":0,"rotation":0,"texture":"#1"},"up":{"uv":[6.75,9.5,6.25,9.25],"tintindex":0,"rotation":0,"texture":"#1"},"down":{"uv":[7.25,9.25,6.75,9.5],"tintindex":0,"rotation":0,"texture":"#1"}}},{"from":[10.36842,7.5,2.89474],"to":[15.36842,8.5,3.89474],"faces":{"east":{"uv":[6.75,8.25,7.0,8.5],"tintindex":0,"rotation":0,"texture":"#1"},"south":{"uv":[8.25,7.5,9.5,7.75],"tintindex":0,"rotation":0,"texture":"#1"},"north":{"uv":[8.25,7.5,9.5,7.75],"tintindex":0,"rotation":0,"texture":"#1"},"west":{"uv":[7.75,9.25,8.0,9.5],"tintindex":0,"rotation":0,"texture":"#1"},"up":{"uv":[9.5,8.0,8.25,7.75],"tintindex":0,"rotation":0,"texture":"#1"},"down":{"uv":[9.5,8.0,8.25,8.25],"tintindex":0,"rotation":0,"texture":"#1"}}},{"from":[11.36842,7.5,1.8947401],"to":[12.36842,8.5,2.89474],"faces":{"east":{"uv":[2.5,9.5,2.75,9.75],"tintindex":0,"rotation":0,"texture":"#1"},"south":{"uv":[2.5,9.5,2.75,9.75],"tintindex":0,"rotation":0,"texture":"#1"},"north":{"uv":[2.5,9.5,2.75,9.75],"tintindex":0,"rotation":0,"texture":"#1"},"west":{"uv":[2.5,9.5,2.75,9.75],"tintindex":0,"rotation":0,"texture":"#1"},"up":{"uv":[3.0,9.75,2.75,9.5],"tintindex":0,"rotation":0,"texture":"#1"},"down":{"uv":[3.25,9.5,3.0,9.75],"tintindex":0,"rotation":0,"texture":"#1"}}},{"from":[2.3684201,7.5,6.89474],"to":[5.36842,8.5,7.89474],"faces":{"east":{"uv":[6.75,9.5,7.0,9.75],"tintindex":0,"rotation":0,"texture":"#1"},"south":{"uv":[1.5,9.25,2.25,9.5],"tintindex":0,"rotation":0,"texture":"#1"},"north":{"uv":[1.5,9.25,2.25,9.5],"tintindex":0,"rotation":0,"texture":"#1"},"west":{"uv":[7.0,9.5,7.25,9.75],"tintindex":0,"rotation":0,"texture":"#1"},"up":{"uv":[3.0,9.5,2.25,9.25],"tintindex":0,"rotation":0,"texture":"#1"},"down":{"uv":[3.75,9.25,3.0,9.5],"tintindex":0,"rotation":0,"texture":"#1"}}},{"from":[3.3684201,7.5,7.89474],"to":[10.36842,8.5,8.89474],"faces":{"east":{"uv":[3.75,9.5,4.0,9.75],"tintindex":0,"rotation":0,"texture":"#1"},"south":{"uv":[8.25,4.5,10.0,4.75],"tintindex":0,"rotation":0,"texture":"#1"},"north":{"uv":[8.25,4.5,10.0,4.75],"tintindex":0,"rotation":0,"texture":"#1"},"west":{"uv":[4.0,9.5,4.25,9.75],"tintindex":0,"rotation":0,"texture":"#1"},"up":{"uv":[10.0,5.0,8.25,4.75],"tintindex":0,"rotation":0,"texture":"#1"},"down":{"uv":[6.75,8.25,5.0,8.5],"tintindex":0,"rotation":0,"texture":"#1"}}},{"from":[0.36842012,7.5,13.894739],"to":[3.3684201,8.5,15.894739],"faces":{"east":{"uv":[9.25,9.25,9.75,9.5],"tintindex":0,"rotation":0,"texture":"#1"},"south":{"uv":[4.5,9.25,5.25,9.5],"tintindex":0,"rotation":0,"texture":"#1"},"north":{"uv":[3.75,9.25,4.5,9.5],"tintindex":0,"rotation":0,"texture":"#1"},"west":{"uv":[0.0,9.5,0.5,9.75],"tintindex":0,"rotation":0,"texture":"#1"},"up":{"uv":[9.0,7.0,8.25,6.5],"tintindex":0,"rotation":0,"texture":"#1"},"down":{"uv":[9.0,7.0,8.25,7.5],"tintindex":0,"rotation":0,"texture":"#1"}}},{"from":[4.36842,7.5,9.89474],"to":[8.36842,8.5,10.89474],"faces":{"east":{"uv":[5.75,9.5,6.0,9.75],"tintindex":0,"rotation":0,"texture":"#1"},"south":{"uv":[5.0,9.0,6.0,9.25],"tintindex":0,"rotation":0,"texture":"#1"},"north":{"uv":[5.0,9.0,6.0,9.25],"tintindex":0,"rotation":0,"texture":"#1"},"west":{"uv":[6.0,9.5,6.25,9.75],"tintindex":0,"rotation":0,"texture":"#1"},"up":{"uv":[7.0,9.25,6.0,9.0],"tintindex":0,"rotation":0,"texture":"#1"},"down":{"uv":[10.0,6.5,9.0,6.75],"tintindex":0,"rotation":0,"texture":"#1"}}},{"from":[8.36842,7.5,11.894739],"to":[10.36842,8.5,13.894739],"faces":{"east":{"uv":[1.5,8.75,2.0,9.0],"tintindex":0,"rotation":0,"texture":"#1"},"south":{"uv":[7.5,8.75,8.0,9.0],"tintindex":0,"rotation":0,"texture":"#1"},"north":{"uv":[2.0,7.25,2.5,7.5],"tintindex":0,"rotation":0,"texture":"#1"},"west":{"uv":[5.25,9.25,5.75,9.5],"tintindex":0,"rotation":0,"texture":"#1"},"up":{"uv":[4.0,5.5,3.5,5.0],"tintindex":0,"rotation":0,"texture":"#1"},"down":{"uv":[4.0,5.5,3.5,6.0],"tintindex":0,"rotation":0,"texture":"#1"}}},{"from":[3.3684201,7.5,10.89474],"to":[9.36842,8.5,11.894739],"faces":{"east":{"uv":[4.25,9.5,4.5,9.75],"tintindex":0,"rotation":0,"texture":"#1"},"south":{"uv":[8.25,5.0,9.75,5.25],"tintindex":0,"rotation":0,"texture":"#1"},"north":{"uv":[8.25,5.0,9.75,5.25],"tintindex":0,"rotation":0,"texture":"#1"},"west":{"uv":[4.5,9.5,4.75,9.75],"tintindex":0,"rotation":0,"texture":"#1"},"up":{"uv":[9.75,5.5,8.25,5.25],"tintindex":0,"rotation":0,"texture":"#1"},"down":{"uv":[9.75,5.5,8.25,5.75],"tintindex":0,"rotation":0,"texture":"#1"}}},{"from":[2.3684201,7.5,11.894739],"to":[5.36842,8.5,12.894739],"faces":{"east":{"uv":[6.25,9.5,6.5,9.75],"tintindex":0,"rotation":0,"texture":"#1"},"south":{"uv":[9.0,9.0,9.75,9.25],"tintindex":0,"rotation":0,"texture":"#1"},"north":{"uv":[9.0,9.0,9.75,9.25],"tintindex":0,"rotation":0,"texture":"#1"},"west":{"uv":[6.5,9.5,6.75,9.75],"tintindex":0,"rotation":0,"texture":"#1"},"up":{"uv":[0.75,9.5,0.0,9.25],"tintindex":0,"rotation":0,"texture":"#1"},"down":{"uv":[1.5,9.25,0.75,9.5],"tintindex":0,"rotation":0,"texture":"#1"}}},{"from":[13.36842,7.5,-0.105259895],"to":[16.36842,8.5,2.89474],"faces":{"east":{"uv":[1.25,9.0,2.0,9.25],"tintindex":0,"rotation":0,"texture":"#1"},"south":{"uv":[9.0,7.25,9.75,7.5],"tintindex":0,"rotation":0,"texture":"#1"},"north":{"uv":[6.25,8.5,7.0,8.75],"tintindex":0,"rotation":0,"texture":"#1"},"west":{"uv":[8.25,9.0,9.0,9.25],"tintindex":0,"rotation":0,"texture":"#1"},"up":{"uv":[0.75,9.0,0.0,8.25],"tintindex":0,"rotation":0,"texture":"#1"},"down":{"uv":[1.5,8.25,0.75,9.0],"tintindex":0,"rotation":0,"texture":"#1"}}},{"from":[6.36842,7.5,6.89474],"to":[11.36842,8.5,7.89474],"faces":{"east":{"uv":[3.25,9.5,3.5,9.75],"tintindex":0,"rotation":0,"texture":"#1"},"south":{"uv":[9.0,2.5,10.25,2.75],"tintindex":0,"rotation":0,"texture":"#1"},"north":{"uv":[9.0,2.5,10.25,2.75],"tintindex":0,"rotation":0,"texture":"#1"},"west":{"uv":[3.5,9.5,3.75,9.75],"tintindex":0,"rotation":0,"texture":"#1"},"up":{"uv":[10.25,3.0,9.0,2.75],"tintindex":0,"rotation":0,"texture":"#1"},"down":{"uv":[10.25,3.0,9.0,3.25],"tintindex":0,"rotation":0,"texture":"#1"}}},{"from":[12.36842,7.5,0.8947401],"to":[13.36842,8.5,2.89474],"faces":{"east":{"uv":[2.0,7.0,2.5,7.25],"tintindex":0,"rotation":0,"texture":"#1"},"south":{"uv":[1.75,9.5,2.0,9.75],"tintindex":0,"rotation":0,"texture":"#1"},"north":{"uv":[1.5,9.5,1.75,9.75],"tintindex":0,"rotation":0,"texture":"#1"},"west":{"uv":[2.0,7.0,2.5,7.25],"tintindex":0,"rotation":0,"texture":"#1"},"up":{"uv":[1.75,8.75,1.5,8.25],"tintindex":0,"rotation":0,"texture":"#1"},"down":{"uv":[2.0,8.25,1.75,8.75],"tintindex":0,"rotation":0,"texture":"#1"}}},{"from":[7.36842,7.5,5.89474],"to":[12.36842,8.5,6.89474],"faces":{"east":{"uv":[2.0,9.5,2.25,9.75],"tintindex":0,"rotation":0,"texture":"#1"},"south":{"uv":[0.0,9.0,1.25,9.25],"tintindex":0,"rotation":0,"texture":"#1"},"north":{"uv":[0.0,9.0,1.25,9.25],"tintindex":0,"rotation":0,"texture":"#1"},"west":{"uv":[2.25,9.5,2.5,9.75],"tintindex":0,"rotation":0,"texture":"#1"},"up":{"uv":[10.25,2.25,9.0,2.0],"tintindex":0,"rotation":0,"texture":"#1"},"down":{"uv":[10.25,2.25,9.0,2.5],"tintindex":0,"rotation":0,"texture":"#1"}}},{"from":[8.36842,7.5,4.89474],"to":[13.36842,8.5,5.89474],"faces":{"east":{"uv":[1.0,9.5,1.25,9.75],"tintindex":0,"rotation":0,"texture":"#1"},"south":{"uv":[5.0,8.75,6.25,9.0],"tintindex":0,"rotation":0,"texture":"#1"},"north":{"uv":[5.0,8.75,6.25,9.0],"tintindex":0,"rotation":0,"texture":"#1"},"west":{"uv":[1.25,9.5,1.5,9.75],"tintindex":0,"rotation":0,"texture":"#1"},"up":{"uv":[7.5,9.0,6.25,8.75],"tintindex":0,"rotation":0,"texture":"#1"},"down":{"uv":[9.5,8.75,8.25,9.0],"tintindex":0,"rotation":0,"texture":"#1"}}}],"display":{"head":{"rotation":[0.0,0.0,0.0]},"firstperson_righthand":{"rotation":[0.0,0.0,0.0]},"thirdperson_lefthand":{"rotation":[0.0,-0.0,-0.0]},"firstperson_lefthand":{"rotation":[0.0,-0.0,-0.0]},"fixed":{"rotation":[0.0,0.0,0.0]},"ground":{"rotation":[0.0,0.0,0.0]},"thirdperson_righthand":{"rotation":[0.0,0.0,0.0]},"gui":{"rotation":[-150.0,-45.0,180.0]}}}