{"textures":{"4":"modelengine:entity/untitled-3-1","particle":"#4"},"elements":[{"from":[19.62322,18.62043,8.0],"to":[20.990656,19.121824,4.74558],"faces":{"east":{"uv":[9.875,8.375,9.90625,8.71875],"tintindex":0,"rotation":0,"texture":"#4"},"south":{"uv":[8.96875,8.375,9.90625,8.71875],"tintindex":0,"rotation":0,"texture":"#4"},"north":{"uv":[9.90625,8.375,8.96875,8.71875],"tintindex":0,"rotation":0,"texture":"#4"},"west":{"uv":[8.96875,8.375,9.0,8.71875],"tintindex":0,"rotation":0,"texture":"#4"},"up":{"uv":[8.96875,8.375,9.90625,8.40625],"tintindex":0,"rotation":0,"texture":"#4"},"down":{"uv":[8.96875,8.6875,9.90625,8.71875],"tintindex":0,"rotation":0,"texture":"#4"}}},{"from":[25.685526,18.62043,8.0],"to":[26.460405,21.218565,4.74558],"faces":{"east":{"uv":[13.625,6.9375,13.65625,8.71875],"tintindex":0,"rotation":0,"texture":"#4"},"south":{"uv":[13.125,6.9375,13.65625,8.71875],"tintindex":0,"rotation":0,"texture":"#4"},"north":{"uv":[13.65625,6.9375,13.125,8.71875],"tintindex":0,"rotation":0,"texture":"#4"},"west":{"uv":[13.125,6.9375,13.15625,8.71875],"tintindex":0,"rotation":0,"texture":"#4"},"up":{"uv":[13.125,6.9375,13.65625,6.96875],"tintindex":0,"rotation":0,"texture":"#4"},"down":{"uv":[13.125,8.6875,13.65625,8.71875],"tintindex":0,"rotation":0,"texture":"#4"}}},{"from":[20.215775,20.489265,8.0],"to":[20.67159,20.945074,4.74558],"faces":{"east":{"uv":[9.65625,7.125,9.6875,7.4375],"tintindex":0,"rotation":0,"texture":"#4"},"south":{"uv":[9.375,7.125,9.6875,7.4375],"tintindex":0,"rotation":0,"texture":"#4"},"north":{"uv":[9.6875,7.125,9.375,7.4375],"tintindex":0,"rotation":0,"texture":"#4"},"west":{"uv":[9.375,7.125,9.40625,7.4375],"tintindex":0,"rotation":0,"texture":"#4"},"up":{"uv":[9.375,7.125,9.6875,7.15625],"tintindex":0,"rotation":0,"texture":"#4"},"down":{"uv":[9.375,7.40625,9.6875,7.4375],"tintindex":0,"rotation":0,"texture":"#4"}}},{"from":[15.56649,20.489265,8.0],"to":[15.61207,20.534845,4.74558],"faces":{"east":{"uv":[6.1875,7.40625,6.21875,7.4375],"tintindex":0,"rotation":0,"texture":"#4"},"south":{"uv":[6.1875,7.40625,6.21875,7.4375],"tintindex":0,"rotation":0,"texture":"#4"},"north":{"uv":[6.21875,7.40625,6.1875,7.4375],"tintindex":0,"rotation":0,"texture":"#4"},"west":{"uv":[6.1875,7.40625,6.21875,7.4375],"tintindex":0,"rotation":0,"texture":"#4"},"up":{"uv":[6.1875,7.40625,6.21875,7.4375],"tintindex":0,"rotation":0,"texture":"#4"},"down":{"uv":[6.1875,7.40625,6.21875,7.4375],"tintindex":0,"rotation":0,"texture":"#4"}}},{"from":[24.135765,18.62043,8.0],"to":[24.637156,18.84834,4.74558],"faces":{"east":{"uv":[12.375,8.5625,12.40625,8.71875],"tintindex":0,"rotation":0,"texture":"#4"},"south":{"uv":[12.0625,8.5625,12.40625,8.71875],"tintindex":0,"rotation":0,"texture":"#4"},"north":{"uv":[12.40625,8.5625,12.0625,8.71875],"tintindex":0,"rotation":0,"texture":"#4"},"west":{"uv":[12.0625,8.5625,12.09375,8.71875],"tintindex":0,"rotation":0,"texture":"#4"},"up":{"uv":[12.0625,8.5625,12.40625,8.59375],"tintindex":0,"rotation":0,"texture":"#4"},"down":{"uv":[12.0625,8.6875,12.40625,8.71875],"tintindex":0,"rotation":0,"texture":"#4"}}},{"from":[13.15068,19.440895,8.0],"to":[13.87998,20.945074,4.74558],"faces":{"east":{"uv":[5.0,7.125,5.03125,8.15625],"tintindex":0,"rotation":0,"texture":"#4"},"south":{"uv":[4.53125,7.125,5.03125,8.15625],"tintindex":0,"rotation":0,"texture":"#4"},"north":{"uv":[5.03125,7.125,4.53125,8.15625],"tintindex":0,"rotation":0,"texture":"#4"},"west":{"uv":[4.53125,7.125,4.5625,8.15625],"tintindex":0,"rotation":0,"texture":"#4"},"up":{"uv":[4.53125,7.125,5.03125,7.15625],"tintindex":0,"rotation":0,"texture":"#4"},"down":{"uv":[4.53125,8.125,5.03125,8.15625],"tintindex":0,"rotation":0,"texture":"#4"}}},{"from":[16.43253,20.853914,8.0],"to":[16.478115,20.945074,4.74558],"faces":{"east":{"uv":[6.78125,7.125,6.8125,7.1875],"tintindex":0,"rotation":0,"texture":"#4"},"south":{"uv":[6.78125,7.125,6.8125,7.1875],"tintindex":0,"rotation":0,"texture":"#4"},"north":{"uv":[6.8125,7.125,6.78125,7.1875],"tintindex":0,"rotation":0,"texture":"#4"},"west":{"uv":[6.78125,7.125,6.8125,7.1875],"tintindex":0,"rotation":0,"texture":"#4"},"up":{"uv":[6.78125,7.125,6.8125,7.15625],"tintindex":0,"rotation":0,"texture":"#4"},"down":{"uv":[6.78125,7.15625,6.8125,7.1875],"tintindex":0,"rotation":0,"texture":"#4"}}},{"from":[19.62322,19.440895,8.0],"to":[19.94229,19.896706,4.74558],"faces":{"east":{"uv":[9.15625,7.84375,9.1875,8.15625],"tintindex":0,"rotation":0,"texture":"#4"},"south":{"uv":[8.96875,7.84375,9.1875,8.15625],"tintindex":0,"rotation":0,"texture":"#4"},"north":{"uv":[9.1875,7.84375,8.96875,8.15625],"tintindex":0,"rotation":0,"texture":"#4"},"west":{"uv":[8.96875,7.84375,9.0,8.15625],"tintindex":0,"rotation":0,"texture":"#4"},"up":{"uv":[8.96875,7.84375,9.1875,7.875],"tintindex":0,"rotation":0,"texture":"#4"},"down":{"uv":[8.96875,8.125,9.1875,8.15625],"tintindex":0,"rotation":0,"texture":"#4"}}},{"from":[22.54042,17.57206,8.0],"to":[23.3153,18.073456,4.74558],"faces":{"east":{"uv":[11.46875,9.09375,11.5,9.4375],"tintindex":0,"rotation":0,"texture":"#4"},"south":{"uv":[10.96875,9.09375,11.5,9.4375],"tintindex":0,"rotation":0,"texture":"#4"},"north":{"uv":[11.5,9.09375,10.96875,9.4375],"tintindex":0,"rotation":0,"texture":"#4"},"west":{"uv":[10.96875,9.09375,11.0,9.4375],"tintindex":0,"rotation":0,"texture":"#4"},"up":{"uv":[10.96875,9.09375,11.5,9.125],"tintindex":0,"rotation":0,"texture":"#4"},"down":{"uv":[10.96875,9.40625,11.5,9.4375],"tintindex":0,"rotation":0,"texture":"#4"}}},{"from":[15.201839,18.62043,8.0],"to":[15.384165,18.66601,4.74558],"faces":{"east":{"uv":[6.03125,8.6875,6.0625,8.71875],"tintindex":0,"rotation":0,"texture":"#4"},"south":{"uv":[5.9375,8.6875,6.0625,8.71875],"tintindex":0,"rotation":0,"texture":"#4"},"north":{"uv":[6.0625,8.6875,5.9375,8.71875],"tintindex":0,"rotation":0,"texture":"#4"},"west":{"uv":[5.9375,8.6875,5.96875,8.71875],"tintindex":0,"rotation":0,"texture":"#4"},"up":{"uv":[5.9375,8.6875,6.0625,8.71875],"tintindex":0,"rotation":0,"texture":"#4"},"down":{"uv":[5.9375,8.6875,6.0625,8.71875],"tintindex":0,"rotation":0,"texture":"#4"}}},{"from":[16.06788,20.261354,8.0],"to":[16.29579,20.534845,4.74558],"faces":{"east":{"uv":[6.65625,7.40625,6.6875,7.59375],"tintindex":0,"rotation":0,"texture":"#4"},"south":{"uv":[6.53125,7.40625,6.6875,7.59375],"tintindex":0,"rotation":0,"texture":"#4"},"north":{"uv":[6.6875,7.40625,6.53125,7.59375],"tintindex":0,"rotation":0,"texture":"#4"},"west":{"uv":[6.53125,7.40625,6.5625,7.59375],"tintindex":0,"rotation":0,"texture":"#4"},"up":{"uv":[6.53125,7.40625,6.6875,7.4375],"tintindex":0,"rotation":0,"texture":"#4"},"down":{"uv":[6.53125,7.5625,6.6875,7.59375],"tintindex":0,"rotation":0,"texture":"#4"}}},{"from":[11.28185,18.62043,8.0],"to":[12.05673,19.896706,4.74558],"faces":{"east":{"uv":[3.75,7.84375,3.78125,8.71875],"tintindex":0,"rotation":0,"texture":"#4"},"south":{"uv":[3.25,7.84375,3.78125,8.71875],"tintindex":0,"rotation":0,"texture":"#4"},"north":{"uv":[3.78125,7.84375,3.25,8.71875],"tintindex":0,"rotation":0,"texture":"#4"},"west":{"uv":[3.25,7.84375,3.28125,8.71875],"tintindex":0,"rotation":0,"texture":"#4"},"up":{"uv":[3.25,7.84375,3.78125,7.875],"tintindex":0,"rotation":0,"texture":"#4"},"down":{"uv":[3.25,8.6875,3.78125,8.71875],"tintindex":0,"rotation":0,"texture":"#4"}}},{"from":[22.768326,18.62043,8.0],"to":[23.3153,19.121824,4.74558],"faces":{"east":{"uv":[11.46875,8.375,11.5,8.71875],"tintindex":0,"rotation":0,"texture":"#4"},"south":{"uv":[11.125,8.375,11.5,8.71875],"tintindex":0,"rotation":0,"texture":"#4"},"north":{"uv":[11.5,8.375,11.125,8.71875],"tintindex":0,"rotation":0,"texture":"#4"},"west":{"uv":[11.125,8.375,11.15625,8.71875],"tintindex":0,"rotation":0,"texture":"#4"},"up":{"uv":[11.125,8.375,11.5,8.40625],"tintindex":0,"rotation":0,"texture":"#4"},"down":{"uv":[11.125,8.6875,11.5,8.71875],"tintindex":0,"rotation":0,"texture":"#4"}}},{"from":[15.748816,20.261354,8.0],"to":[15.839975,20.534845,4.74558],"faces":{"east":{"uv":[6.34375,7.40625,6.375,7.59375],"tintindex":0,"rotation":0,"texture":"#4"},"south":{"uv":[6.3125,7.40625,6.375,7.59375],"tintindex":0,"rotation":0,"texture":"#4"},"north":{"uv":[6.375,7.40625,6.3125,7.59375],"tintindex":0,"rotation":0,"texture":"#4"},"west":{"uv":[6.3125,7.40625,6.34375,7.59375],"tintindex":0,"rotation":0,"texture":"#4"},"up":{"uv":[6.3125,7.40625,6.375,7.4375],"tintindex":0,"rotation":0,"texture":"#4"},"down":{"uv":[6.3125,7.5625,6.375,7.59375],"tintindex":0,"rotation":0,"texture":"#4"}}},{"from":[16.478115,20.853914,8.0],"to":[16.523695,21.03624,4.74558],"faces":{"east":{"uv":[6.8125,7.0625,6.84375,7.1875],"tintindex":0,"rotation":0,"texture":"#4"},"south":{"uv":[6.8125,7.0625,6.84375,7.1875],"tintindex":0,"rotation":0,"texture":"#4"},"north":{"uv":[6.84375,7.0625,6.8125,7.1875],"tintindex":0,"rotation":0,"texture":"#4"},"west":{"uv":[6.8125,7.0625,6.84375,7.1875],"tintindex":0,"rotation":0,"texture":"#4"},"up":{"uv":[6.8125,7.0625,6.84375,7.09375],"tintindex":0,"rotation":0,"texture":"#4"},"down":{"uv":[6.8125,7.15625,6.84375,7.1875],"tintindex":0,"rotation":0,"texture":"#4"}}},{"from":[13.92556,21.264145,8.0],"to":[14.426954,21.76554,4.74558],"faces":{"east":{"uv":[5.375,6.5625,5.40625,6.90625],"tintindex":0,"rotation":0,"texture":"#4"},"south":{"uv":[5.0625,6.5625,5.40625,6.90625],"tintindex":0,"rotation":0,"texture":"#4"},"north":{"uv":[5.40625,6.5625,5.0625,6.90625],"tintindex":0,"rotation":0,"texture":"#4"},"west":{"uv":[5.0625,6.5625,5.09375,6.90625],"tintindex":0,"rotation":0,"texture":"#4"},"up":{"uv":[5.0625,6.5625,5.40625,6.59375],"tintindex":0,"rotation":0,"texture":"#4"},"down":{"uv":[5.0625,6.875,5.40625,6.90625],"tintindex":0,"rotation":0,"texture":"#4"}}},{"from":[20.990656,18.62043,8.0],"to":[21.49205,19.6688,4.74558],"faces":{"east":{"uv":[10.21875,8.0,10.25,8.71875],"tintindex":0,"rotation":0,"texture":"#4"},"south":{"uv":[9.90625,8.0,10.25,8.71875],"tintindex":0,"rotation":0,"texture":"#4"},"north":{"uv":[10.25,8.0,9.90625,8.71875],"tintindex":0,"rotation":0,"texture":"#4"},"west":{"uv":[9.90625,8.0,9.9375,8.71875],"tintindex":0,"rotation":0,"texture":"#4"},"up":{"uv":[9.90625,8.0,10.25,8.03125],"tintindex":0,"rotation":0,"texture":"#4"},"down":{"uv":[9.90625,8.6875,10.25,8.71875],"tintindex":0,"rotation":0,"texture":"#4"}}},{"from":[23.3153,17.84555,8.0],"to":[24.09018,19.6688,4.74558],"faces":{"east":{"uv":[12.0,8.0,12.03125,9.25],"tintindex":0,"rotation":0,"texture":"#4"},"south":{"uv":[11.5,8.0,12.03125,9.25],"tintindex":0,"rotation":0,"texture":"#4"},"north":{"uv":[12.03125,8.0,11.5,9.25],"tintindex":0,"rotation":0,"texture":"#4"},"west":{"uv":[11.5,8.0,11.53125,9.25],"tintindex":0,"rotation":0,"texture":"#4"},"up":{"uv":[11.5,8.0,12.03125,8.03125],"tintindex":0,"rotation":0,"texture":"#4"},"down":{"uv":[11.5,9.21875,12.03125,9.25],"tintindex":0,"rotation":0,"texture":"#4"}}},{"from":[18.073456,18.66601,8.0],"to":[18.11904,18.757175,4.74558],"faces":{"east":{"uv":[7.90625,8.625,7.9375,8.6875],"tintindex":0,"rotation":0,"texture":"#4"},"south":{"uv":[7.90625,8.625,7.9375,8.6875],"tintindex":0,"rotation":0,"texture":"#4"},"north":{"uv":[7.9375,8.625,7.90625,8.6875],"tintindex":0,"rotation":0,"texture":"#4"},"west":{"uv":[7.90625,8.625,7.9375,8.6875],"tintindex":0,"rotation":0,"texture":"#4"},"up":{"uv":[7.90625,8.625,7.9375,8.65625],"tintindex":0,"rotation":0,"texture":"#4"},"down":{"uv":[7.90625,8.65625,7.9375,8.6875],"tintindex":0,"rotation":0,"texture":"#4"}}},{"from":[13.87998,20.489265,8.0],"to":[15.201839,20.945074,4.74558],"faces":{"east":{"uv":[5.90625,7.125,5.9375,7.4375],"tintindex":0,"rotation":0,"texture":"#4"},"south":{"uv":[5.03125,7.125,5.9375,7.4375],"tintindex":0,"rotation":0,"texture":"#4"},"north":{"uv":[5.9375,7.125,5.03125,7.4375],"tintindex":0,"rotation":0,"texture":"#4"},"west":{"uv":[5.03125,7.125,5.0625,7.4375],"tintindex":0,"rotation":0,"texture":"#4"},"up":{"uv":[5.03125,7.125,5.9375,7.15625],"tintindex":0,"rotation":0,"texture":"#4"},"down":{"uv":[5.03125,7.40625,5.9375,7.4375],"tintindex":0,"rotation":0,"texture":"#4"}}},{"from":[15.70323,20.261354,8.0],"to":[15.748816,20.30694,4.74558],"faces":{"east":{"uv":[6.28125,7.5625,6.3125,7.59375],"tintindex":0,"rotation":0,"texture":"#4"},"south":{"uv":[6.28125,7.5625,6.3125,7.59375],"tintindex":0,"rotation":0,"texture":"#4"},"north":{"uv":[6.3125,7.5625,6.28125,7.59375],"tintindex":0,"rotation":0,"texture":"#4"},"west":{"uv":[6.28125,7.5625,6.3125,7.59375],"tintindex":0,"rotation":0,"texture":"#4"},"up":{"uv":[6.28125,7.5625,6.3125,7.59375],"tintindex":0,"rotation":0,"texture":"#4"},"down":{"uv":[6.28125,7.5625,6.3125,7.59375],"tintindex":0,"rotation":0,"texture":"#4"}}},{"from":[15.61207,20.3981,8.0],"to":[15.748816,20.489265,4.74558],"faces":{"east":{"uv":[6.28125,7.4375,6.3125,7.5],"tintindex":0,"rotation":0,"texture":"#4"},"south":{"uv":[6.21875,7.4375,6.3125,7.5],"tintindex":0,"rotation":0,"texture":"#4"},"north":{"uv":[6.3125,7.4375,6.21875,7.5],"tintindex":0,"rotation":0,"texture":"#4"},"west":{"uv":[6.21875,7.4375,6.25,7.5],"tintindex":0,"rotation":0,"texture":"#4"},"up":{"uv":[6.21875,7.4375,6.3125,7.46875],"tintindex":0,"rotation":0,"texture":"#4"},"down":{"uv":[6.21875,7.46875,6.3125,7.5],"tintindex":0,"rotation":0,"texture":"#4"}}},{"from":[15.65765,18.62043,8.0],"to":[16.0223,18.66601,4.74558],"faces":{"east":{"uv":[6.46875,8.6875,6.5,8.71875],"tintindex":0,"rotation":0,"texture":"#4"},"south":{"uv":[6.25,8.6875,6.5,8.71875],"tintindex":0,"rotation":0,"texture":"#4"},"north":{"uv":[6.5,8.6875,6.25,8.71875],"tintindex":0,"rotation":0,"texture":"#4"},"west":{"uv":[6.25,8.6875,6.28125,8.71875],"tintindex":0,"rotation":0,"texture":"#4"},"up":{"uv":[6.25,8.6875,6.5,8.71875],"tintindex":0,"rotation":0,"texture":"#4"},"down":{"uv":[6.25,8.6875,6.5,8.71875],"tintindex":0,"rotation":0,"texture":"#4"}}},{"from":[16.159044,20.80833,8.0],"to":[16.29579,20.990656,4.74558],"faces":{"east":{"uv":[6.65625,7.09375,6.6875,7.21875],"tintindex":0,"rotation":0,"texture":"#4"},"south":{"uv":[6.59375,7.09375,6.6875,7.21875],"tintindex":0,"rotation":0,"texture":"#4"},"north":{"uv":[6.6875,7.09375,6.59375,7.21875],"tintindex":0,"rotation":0,"texture":"#4"},"west":{"uv":[6.59375,7.09375,6.625,7.21875],"tintindex":0,"rotation":0,"texture":"#4"},"up":{"uv":[6.59375,7.09375,6.6875,7.125],"tintindex":0,"rotation":0,"texture":"#4"},"down":{"uv":[6.59375,7.1875,6.6875,7.21875],"tintindex":0,"rotation":0,"texture":"#4"}}},{"from":[19.94229,19.440895,8.0],"to":[20.170195,19.6688,4.74558],"faces":{"east":{"uv":[9.3125,8.0,9.34375,8.15625],"tintindex":0,"rotation":0,"texture":"#4"},"south":{"uv":[9.1875,8.0,9.34375,8.15625],"tintindex":0,"rotation":0,"texture":"#4"},"north":{"uv":[9.34375,8.0,9.1875,8.15625],"tintindex":0,"rotation":0,"texture":"#4"},"west":{"uv":[9.1875,8.0,9.21875,8.15625],"tintindex":0,"rotation":0,"texture":"#4"},"up":{"uv":[9.1875,8.0,9.34375,8.03125],"tintindex":0,"rotation":0,"texture":"#4"},"down":{"uv":[9.1875,8.125,9.34375,8.15625],"tintindex":0,"rotation":0,"texture":"#4"}}},{"from":[15.794395,20.76275,8.0],"to":[15.839975,20.899494,4.74558],"faces":{"east":{"uv":[6.34375,7.15625,6.375,7.25],"tintindex":0,"rotation":0,"texture":"#4"},"south":{"uv":[6.34375,7.15625,6.375,7.25],"tintindex":0,"rotation":0,"texture":"#4"},"north":{"uv":[6.375,7.15625,6.34375,7.25],"tintindex":0,"rotation":0,"texture":"#4"},"west":{"uv":[6.34375,7.15625,6.375,7.25],"tintindex":0,"rotation":0,"texture":"#4"},"up":{"uv":[6.34375,7.15625,6.375,7.1875],"tintindex":0,"rotation":0,"texture":"#4"},"down":{"uv":[6.34375,7.21875,6.375,7.25],"tintindex":0,"rotation":0,"texture":"#4"}}},{"from":[15.976721,20.261354,8.0],"to":[16.06788,20.80833,4.74558],"faces":{"east":{"uv":[6.5,7.21875,6.53125,7.59375],"tintindex":0,"rotation":0,"texture":"#4"},"south":{"uv":[6.46875,7.21875,6.53125,7.59375],"tintindex":0,"rotation":0,"texture":"#4"},"north":{"uv":[6.53125,7.21875,6.46875,7.59375],"tintindex":0,"rotation":0,"texture":"#4"},"west":{"uv":[6.46875,7.21875,6.5,7.59375],"tintindex":0,"rotation":0,"texture":"#4"},"up":{"uv":[6.46875,7.21875,6.53125,7.25],"tintindex":0,"rotation":0,"texture":"#4"},"down":{"uv":[6.46875,7.5625,6.53125,7.59375],"tintindex":0,"rotation":0,"texture":"#4"}}},{"from":[18.11904,18.62043,8.0],"to":[18.89392,18.802755,4.74558],"faces":{"east":{"uv":[8.4375,8.59375,8.46875,8.71875],"tintindex":0,"rotation":0,"texture":"#4"},"south":{"uv":[7.9375,8.59375,8.46875,8.71875],"tintindex":0,"rotation":0,"texture":"#4"},"north":{"uv":[8.46875,8.59375,7.9375,8.71875],"tintindex":0,"rotation":0,"texture":"#4"},"west":{"uv":[7.9375,8.59375,7.96875,8.71875],"tintindex":0,"rotation":0,"texture":"#4"},"up":{"uv":[7.9375,8.59375,8.46875,8.625],"tintindex":0,"rotation":0,"texture":"#4"},"down":{"uv":[7.9375,8.6875,8.46875,8.71875],"tintindex":0,"rotation":0,"texture":"#4"}}},{"from":[19.94229,19.6688,8.0],"to":[21.49205,20.170195,4.74558],"faces":{"east":{"uv":[10.21875,7.65625,10.25,8.0],"tintindex":0,"rotation":0,"texture":"#4"},"south":{"uv":[9.1875,7.65625,10.25,8.0],"tintindex":0,"rotation":0,"texture":"#4"},"north":{"uv":[10.25,7.65625,9.1875,8.0],"tintindex":0,"rotation":0,"texture":"#4"},"west":{"uv":[9.1875,7.65625,9.21875,8.0],"tintindex":0,"rotation":0,"texture":"#4"},"up":{"uv":[9.1875,7.65625,10.25,7.6875],"tintindex":0,"rotation":0,"texture":"#4"},"down":{"uv":[9.1875,7.96875,10.25,8.0],"tintindex":0,"rotation":0,"texture":"#4"}}},{"from":[13.87998,19.440895,8.0],"to":[14.426954,19.896706,4.74558],"faces":{"east":{"uv":[5.375,7.84375,5.40625,8.15625],"tintindex":0,"rotation":0,"texture":"#4"},"south":{"uv":[5.03125,7.84375,5.40625,8.15625],"tintindex":0,"rotation":0,"texture":"#4"},"north":{"uv":[5.40625,7.84375,5.03125,8.15625],"tintindex":0,"rotation":0,"texture":"#4"},"west":{"uv":[5.03125,7.84375,5.0625,8.15625],"tintindex":0,"rotation":0,"texture":"#4"},"up":{"uv":[5.03125,7.84375,5.40625,7.875],"tintindex":0,"rotation":0,"texture":"#4"},"down":{"uv":[5.03125,8.125,5.40625,8.15625],"tintindex":0,"rotation":0,"texture":"#4"}}},{"from":[24.09018,18.84834,8.0],"to":[24.637156,19.121824,4.74558],"faces":{"east":{"uv":[12.375,8.375,12.40625,8.5625],"tintindex":0,"rotation":0,"texture":"#4"},"south":{"uv":[12.03125,8.375,12.40625,8.5625],"tintindex":0,"rotation":0,"texture":"#4"},"north":{"uv":[12.40625,8.375,12.03125,8.5625],"tintindex":0,"rotation":0,"texture":"#4"},"west":{"uv":[12.03125,8.375,12.0625,8.5625],"tintindex":0,"rotation":0,"texture":"#4"},"up":{"uv":[12.03125,8.375,12.40625,8.40625],"tintindex":0,"rotation":0,"texture":"#4"},"down":{"uv":[12.03125,8.53125,12.40625,8.5625],"tintindex":0,"rotation":0,"texture":"#4"}}},{"from":[15.201839,18.66601,8.0],"to":[16.0223,19.121824,4.74558],"faces":{"east":{"uv":[6.46875,8.375,6.5,8.6875],"tintindex":0,"rotation":0,"texture":"#4"},"south":{"uv":[5.9375,8.375,6.5,8.6875],"tintindex":0,"rotation":0,"texture":"#4"},"north":{"uv":[6.5,8.375,5.9375,8.6875],"tintindex":0,"rotation":0,"texture":"#4"},"west":{"uv":[5.9375,8.375,5.96875,8.6875],"tintindex":0,"rotation":0,"texture":"#4"},"up":{"uv":[5.9375,8.375,6.5,8.40625],"tintindex":0,"rotation":0,"texture":"#4"},"down":{"uv":[5.9375,8.65625,6.5,8.6875],"tintindex":0,"rotation":0,"texture":"#4"}}},{"from":[18.89392,18.62043,8.0],"to":[19.62322,21.218565,4.74558],"faces":{"east":{"uv":[8.9375,6.9375,8.96875,8.71875],"tintindex":0,"rotation":0,"texture":"#4"},"south":{"uv":[8.46875,6.9375,8.96875,8.71875],"tintindex":0,"rotation":0,"texture":"#4"},"north":{"uv":[8.96875,6.9375,8.46875,8.71875],"tintindex":0,"rotation":0,"texture":"#4"},"west":{"uv":[8.46875,6.9375,8.5,8.71875],"tintindex":0,"rotation":0,"texture":"#4"},"up":{"uv":[8.46875,6.9375,8.96875,6.96875],"tintindex":0,"rotation":0,"texture":"#4"},"down":{"uv":[8.46875,8.6875,8.96875,8.71875],"tintindex":0,"rotation":0,"texture":"#4"}}},{"from":[12.05673,18.62043,8.0],"to":[14.426954,19.121824,4.74558],"faces":{"east":{"uv":[5.375,8.375,5.40625,8.71875],"tintindex":0,"rotation":0,"texture":"#4"},"south":{"uv":[3.78125,8.375,5.40625,8.71875],"tintindex":0,"rotation":0,"texture":"#4"},"north":{"uv":[5.40625,8.375,3.78125,8.71875],"tintindex":0,"rotation":0,"texture":"#4"},"west":{"uv":[3.78125,8.375,3.8125,8.71875],"tintindex":0,"rotation":0,"texture":"#4"},"up":{"uv":[3.78125,8.375,5.40625,8.40625],"tintindex":0,"rotation":0,"texture":"#4"},"down":{"uv":[3.78125,8.6875,5.40625,8.71875],"tintindex":0,"rotation":0,"texture":"#4"}}},{"from":[15.794395,20.945074,8.0],"to":[15.839975,20.990656,4.74558],"faces":{"east":{"uv":[6.34375,7.09375,6.375,7.125],"tintindex":0,"rotation":0,"texture":"#4"},"south":{"uv":[6.34375,7.09375,6.375,7.125],"tintindex":0,"rotation":0,"texture":"#4"},"north":{"uv":[6.375,7.09375,6.34375,7.125],"tintindex":0,"rotation":0,"texture":"#4"},"west":{"uv":[6.34375,7.09375,6.375,7.125],"tintindex":0,"rotation":0,"texture":"#4"},"up":{"uv":[6.34375,7.09375,6.375,7.125],"tintindex":0,"rotation":0,"texture":"#4"},"down":{"uv":[6.34375,7.09375,6.375,7.125],"tintindex":0,"rotation":0,"texture":"#4"}}},{"from":[15.65765,20.30694,8.0],"to":[15.748816,20.3981,4.74558],"faces":{"east":{"uv":[6.28125,7.5,6.3125,7.5625],"tintindex":0,"rotation":0,"texture":"#4"},"south":{"uv":[6.25,7.5,6.3125,7.5625],"tintindex":0,"rotation":0,"texture":"#4"},"north":{"uv":[6.3125,7.5,6.25,7.5625],"tintindex":0,"rotation":0,"texture":"#4"},"west":{"uv":[6.25,7.5,6.28125,7.5625],"tintindex":0,"rotation":0,"texture":"#4"},"up":{"uv":[6.25,7.5,6.3125,7.53125],"tintindex":0,"rotation":0,"texture":"#4"},"down":{"uv":[6.25,7.53125,6.3125,7.5625],"tintindex":0,"rotation":0,"texture":"#4"}}},{"from":[21.993444,18.62043,8.0],"to":[22.768326,20.170195,4.74558],"faces":{"east":{"uv":[11.09375,7.65625,11.125,8.71875],"tintindex":0,"rotation":0,"texture":"#4"},"south":{"uv":[10.59375,7.65625,11.125,8.71875],"tintindex":0,"rotation":0,"texture":"#4"},"north":{"uv":[11.125,7.65625,10.59375,8.71875],"tintindex":0,"rotation":0,"texture":"#4"},"west":{"uv":[10.59375,7.65625,10.625,8.71875],"tintindex":0,"rotation":0,"texture":"#4"},"up":{"uv":[10.59375,7.65625,11.125,7.6875],"tintindex":0,"rotation":0,"texture":"#4"},"down":{"uv":[10.59375,8.6875,11.125,8.71875],"tintindex":0,"rotation":0,"texture":"#4"}}},{"from":[15.56649,20.30694,8.0],"to":[15.65765,20.35252,4.74558],"faces":{"east":{"uv":[6.21875,7.53125,6.25,7.5625],"tintindex":0,"rotation":0,"texture":"#4"},"south":{"uv":[6.1875,7.53125,6.25,7.5625],"tintindex":0,"rotation":0,"texture":"#4"},"north":{"uv":[6.25,7.53125,6.1875,7.5625],"tintindex":0,"rotation":0,"texture":"#4"},"west":{"uv":[6.1875,7.53125,6.21875,7.5625],"tintindex":0,"rotation":0,"texture":"#4"},"up":{"uv":[6.1875,7.53125,6.25,7.5625],"tintindex":0,"rotation":0,"texture":"#4"},"down":{"uv":[6.1875,7.53125,6.25,7.5625],"tintindex":0,"rotation":0,"texture":"#4"}}},{"from":[24.637156,18.62043,8.0],"to":[25.41204,21.218565,4.74558],"faces":{"east":{"uv":[12.90625,6.9375,12.9375,8.71875],"tintindex":0,"rotation":0,"texture":"#4"},"south":{"uv":[12.40625,6.9375,12.9375,8.71875],"tintindex":0,"rotation":0,"texture":"#4"},"north":{"uv":[12.9375,6.9375,12.40625,8.71875],"tintindex":0,"rotation":0,"texture":"#4"},"west":{"uv":[12.40625,6.9375,12.4375,8.71875],"tintindex":0,"rotation":0,"texture":"#4"},"up":{"uv":[12.40625,6.9375,12.9375,6.96875],"tintindex":0,"rotation":0,"texture":"#4"},"down":{"uv":[12.40625,8.6875,12.9375,8.71875],"tintindex":0,"rotation":0,"texture":"#4"}}},{"from":[15.61207,20.261354,8.0],"to":[15.65765,20.30694,4.74558],"faces":{"east":{"uv":[6.21875,7.5625,6.25,7.59375],"tintindex":0,"rotation":0,"texture":"#4"},"south":{"uv":[6.21875,7.5625,6.25,7.59375],"tintindex":0,"rotation":0,"texture":"#4"},"north":{"uv":[6.25,7.5625,6.21875,7.59375],"tintindex":0,"rotation":0,"texture":"#4"},"west":{"uv":[6.21875,7.5625,6.25,7.59375],"tintindex":0,"rotation":0,"texture":"#4"},"up":{"uv":[6.21875,7.5625,6.25,7.59375],"tintindex":0,"rotation":0,"texture":"#4"},"down":{"uv":[6.21875,7.5625,6.25,7.59375],"tintindex":0,"rotation":0,"texture":"#4"}}},{"from":[15.794395,20.580425,8.0],"to":[15.839975,20.71717,4.74558],"faces":{"east":{"uv":[6.34375,7.28125,6.375,7.375],"tintindex":0,"rotation":0,"texture":"#4"},"south":{"uv":[6.34375,7.28125,6.375,7.375],"tintindex":0,"rotation":0,"texture":"#4"},"north":{"uv":[6.375,7.28125,6.34375,7.375],"tintindex":0,"rotation":0,"texture":"#4"},"west":{"uv":[6.34375,7.28125,6.375,7.375],"tintindex":0,"rotation":0,"texture":"#4"},"up":{"uv":[6.34375,7.28125,6.375,7.3125],"tintindex":0,"rotation":0,"texture":"#4"},"down":{"uv":[6.34375,7.34375,6.375,7.375],"tintindex":0,"rotation":0,"texture":"#4"}}},{"from":[15.931135,20.261354,8.0],"to":[15.976721,20.853914,4.74558],"faces":{"east":{"uv":[6.4375,7.1875,6.46875,7.59375],"tintindex":0,"rotation":0,"texture":"#4"},"south":{"uv":[6.4375,7.1875,6.46875,7.59375],"tintindex":0,"rotation":0,"texture":"#4"},"north":{"uv":[6.46875,7.1875,6.4375,7.59375],"tintindex":0,"rotation":0,"texture":"#4"},"west":{"uv":[6.4375,7.1875,6.46875,7.59375],"tintindex":0,"rotation":0,"texture":"#4"},"up":{"uv":[6.4375,7.1875,6.46875,7.21875],"tintindex":0,"rotation":0,"texture":"#4"},"down":{"uv":[6.4375,7.5625,6.46875,7.59375],"tintindex":0,"rotation":0,"texture":"#4"}}},{"from":[16.29579,20.853914,8.0],"to":[16.43253,21.03624,4.74558],"faces":{"east":{"uv":[6.75,7.0625,6.78125,7.1875],"tintindex":0,"rotation":0,"texture":"#4"},"south":{"uv":[6.6875,7.0625,6.78125,7.1875],"tintindex":0,"rotation":0,"texture":"#4"},"north":{"uv":[6.78125,7.0625,6.6875,7.1875],"tintindex":0,"rotation":0,"texture":"#4"},"west":{"uv":[6.6875,7.0625,6.71875,7.1875],"tintindex":0,"rotation":0,"texture":"#4"},"up":{"uv":[6.6875,7.0625,6.78125,7.09375],"tintindex":0,"rotation":0,"texture":"#4"},"down":{"uv":[6.6875,7.15625,6.78125,7.1875],"tintindex":0,"rotation":0,"texture":"#4"}}},{"from":[21.49205,18.62043,8.0],"to":[21.719955,19.896706,4.74558],"faces":{"east":{"uv":[10.375,7.84375,10.40625,8.71875],"tintindex":0,"rotation":0,"texture":"#4"},"south":{"uv":[10.25,7.84375,10.40625,8.71875],"tintindex":0,"rotation":0,"texture":"#4"},"north":{"uv":[10.40625,7.84375,10.25,8.71875],"tintindex":0,"rotation":0,"texture":"#4"},"west":{"uv":[10.25,7.84375,10.28125,8.71875],"tintindex":0,"rotation":0,"texture":"#4"},"up":{"uv":[10.25,7.84375,10.40625,7.875],"tintindex":0,"rotation":0,"texture":"#4"},"down":{"uv":[10.25,8.6875,10.40625,8.71875],"tintindex":0,"rotation":0,"texture":"#4"}}},{"from":[14.426954,18.62043,8.0],"to":[15.201839,20.489265,4.74558],"faces":{"east":{"uv":[5.90625,7.4375,5.9375,8.71875],"tintindex":0,"rotation":0,"texture":"#4"},"south":{"uv":[5.40625,7.4375,5.9375,8.71875],"tintindex":0,"rotation":0,"texture":"#4"},"north":{"uv":[5.9375,7.4375,5.40625,8.71875],"tintindex":0,"rotation":0,"texture":"#4"},"west":{"uv":[5.40625,7.4375,5.4375,8.71875],"tintindex":0,"rotation":0,"texture":"#4"},"up":{"uv":[5.40625,7.4375,5.9375,7.46875],"tintindex":0,"rotation":0,"texture":"#4"},"down":{"uv":[5.40625,8.6875,5.9375,8.71875],"tintindex":0,"rotation":0,"texture":"#4"}}},{"from":[16.0223,20.80833,8.0],"to":[16.113464,20.853914,4.74558],"faces":{"east":{"uv":[6.53125,7.1875,6.5625,7.21875],"tintindex":0,"rotation":0,"texture":"#4"},"south":{"uv":[6.5,7.1875,6.5625,7.21875],"tintindex":0,"rotation":0,"texture":"#4"},"north":{"uv":[6.5625,7.1875,6.5,7.21875],"tintindex":0,"rotation":0,"texture":"#4"},"west":{"uv":[6.5,7.1875,6.53125,7.21875],"tintindex":0,"rotation":0,"texture":"#4"},"up":{"uv":[6.5,7.1875,6.5625,7.21875],"tintindex":0,"rotation":0,"texture":"#4"},"down":{"uv":[6.5,7.1875,6.5625,7.21875],"tintindex":0,"rotation":0,"texture":"#4"}}},{"from":[15.931135,20.853914,8.0],"to":[16.113464,20.990656,4.74558],"faces":{"east":{"uv":[6.53125,7.09375,6.5625,7.1875],"tintindex":0,"rotation":0,"texture":"#4"},"south":{"uv":[6.4375,7.09375,6.5625,7.1875],"tintindex":0,"rotation":0,"texture":"#4"},"north":{"uv":[6.5625,7.09375,6.4375,7.1875],"tintindex":0,"rotation":0,"texture":"#4"},"west":{"uv":[6.4375,7.09375,6.46875,7.1875],"tintindex":0,"rotation":0,"texture":"#4"},"up":{"uv":[6.4375,7.09375,6.5625,7.125],"tintindex":0,"rotation":0,"texture":"#4"},"down":{"uv":[6.4375,7.15625,6.5625,7.1875],"tintindex":0,"rotation":0,"texture":"#4"}}},{"from":[16.0223,18.62043,8.0],"to":[16.7516,19.896706,4.74558],"faces":{"east":{"uv":[6.96875,7.84375,7.0,8.71875],"tintindex":0,"rotation":0,"texture":"#4"},"south":{"uv":[6.5,7.84375,7.0,8.71875],"tintindex":0,"rotation":0,"texture":"#4"},"north":{"uv":[7.0,7.84375,6.5,8.71875],"tintindex":0,"rotation":0,"texture":"#4"},"west":{"uv":[6.5,7.84375,6.53125,8.71875],"tintindex":0,"rotation":0,"texture":"#4"},"up":{"uv":[6.5,7.84375,7.0,7.875],"tintindex":0,"rotation":0,"texture":"#4"},"down":{"uv":[6.5,8.6875,7.0,8.71875],"tintindex":0,"rotation":0,"texture":"#4"}}},{"from":[22.768326,19.6688,8.0],"to":[24.09018,20.170195,4.74558],"faces":{"east":{"uv":[12.0,7.65625,12.03125,8.0],"tintindex":0,"rotation":0,"texture":"#4"},"south":{"uv":[11.125,7.65625,12.03125,8.0],"tintindex":0,"rotation":0,"texture":"#4"},"north":{"uv":[12.03125,7.65625,11.125,8.0],"tintindex":0,"rotation":0,"texture":"#4"},"west":{"uv":[11.125,7.65625,11.15625,8.0],"tintindex":0,"rotation":0,"texture":"#4"},"up":{"uv":[11.125,7.65625,12.03125,7.6875],"tintindex":0,"rotation":0,"texture":"#4"},"down":{"uv":[11.125,7.96875,12.03125,8.0],"tintindex":0,"rotation":0,"texture":"#4"}}},{"from":[23.3153,17.57206,8.0],"to":[23.816694,17.84555,4.74558],"faces":{"east":{"uv":[11.8125,9.25,11.84375,9.4375],"tintindex":0,"rotation":0,"texture":"#4"},"south":{"uv":[11.5,9.25,11.84375,9.4375],"tintindex":0,"rotation":0,"texture":"#4"},"north":{"uv":[11.84375,9.25,11.5,9.4375],"tintindex":0,"rotation":0,"texture":"#4"},"west":{"uv":[11.5,9.25,11.53125,9.4375],"tintindex":0,"rotation":0,"texture":"#4"},"up":{"uv":[11.5,9.25,11.84375,9.28125],"tintindex":0,"rotation":0,"texture":"#4"},"down":{"uv":[11.5,9.40625,11.84375,9.4375],"tintindex":0,"rotation":0,"texture":"#4"}}},{"from":[24.09018,18.757175,8.0],"to":[24.135765,18.802755,4.74558],"faces":{"east":{"uv":[12.03125,8.59375,12.0625,8.625],"tintindex":0,"rotation":0,"texture":"#4"},"south":{"uv":[12.03125,8.59375,12.0625,8.625],"tintindex":0,"rotation":0,"texture":"#4"},"north":{"uv":[12.0625,8.59375,12.03125,8.625],"tintindex":0,"rotation":0,"texture":"#4"},"west":{"uv":[12.03125,8.59375,12.0625,8.625],"tintindex":0,"rotation":0,"texture":"#4"},"up":{"uv":[12.03125,8.59375,12.0625,8.625],"tintindex":0,"rotation":0,"texture":"#4"},"down":{"uv":[12.03125,8.59375,12.0625,8.625],"tintindex":0,"rotation":0,"texture":"#4"}}},{"from":[16.34137,20.80833,8.0],"to":[16.43253,20.853914,4.74558],"faces":{"east":{"uv":[6.75,7.1875,6.78125,7.21875],"tintindex":0,"rotation":0,"texture":"#4"},"south":{"uv":[6.71875,7.1875,6.78125,7.21875],"tintindex":0,"rotation":0,"texture":"#4"},"north":{"uv":[6.78125,7.1875,6.71875,7.21875],"tintindex":0,"rotation":0,"texture":"#4"},"west":{"uv":[6.71875,7.1875,6.75,7.21875],"tintindex":0,"rotation":0,"texture":"#4"},"up":{"uv":[6.71875,7.1875,6.78125,7.21875],"tintindex":0,"rotation":0,"texture":"#4"},"down":{"uv":[6.71875,7.1875,6.78125,7.21875],"tintindex":0,"rotation":0,"texture":"#4"}}},{"from":[17.79997,18.802755,8.0],"to":[18.89392,19.121824,4.74558],"faces":{"east":{"uv":[8.4375,8.375,8.46875,8.59375],"tintindex":0,"rotation":0,"texture":"#4"},"south":{"uv":[7.71875,8.375,8.46875,8.59375],"tintindex":0,"rotation":0,"texture":"#4"},"north":{"uv":[8.46875,8.375,7.71875,8.59375],"tintindex":0,"rotation":0,"texture":"#4"},"west":{"uv":[7.71875,8.375,7.75,8.59375],"tintindex":0,"rotation":0,"texture":"#4"},"up":{"uv":[7.71875,8.375,8.46875,8.40625],"tintindex":0,"rotation":0,"texture":"#4"},"down":{"uv":[7.71875,8.5625,8.46875,8.59375],"tintindex":0,"rotation":0,"texture":"#4"}}},{"from":[17.025085,18.62043,8.0],"to":[17.79997,21.218565,4.74558],"faces":{"east":{"uv":[7.6875,6.9375,7.71875,8.71875],"tintindex":0,"rotation":0,"texture":"#4"},"south":{"uv":[7.1875,6.9375,7.71875,8.71875],"tintindex":0,"rotation":0,"texture":"#4"},"north":{"uv":[7.71875,6.9375,7.1875,8.71875],"tintindex":0,"rotation":0,"texture":"#4"},"west":{"uv":[7.1875,6.9375,7.21875,8.71875],"tintindex":0,"rotation":0,"texture":"#4"},"up":{"uv":[7.1875,6.9375,7.71875,6.96875],"tintindex":0,"rotation":0,"texture":"#4"},"down":{"uv":[7.1875,8.6875,7.71875,8.71875],"tintindex":0,"rotation":0,"texture":"#4"}}},{"from":[24.09018,18.66601,8.0],"to":[24.135765,18.711596,4.74558],"faces":{"east":{"uv":[12.03125,8.65625,12.0625,8.6875],"tintindex":0,"rotation":0,"texture":"#4"},"south":{"uv":[12.03125,8.65625,12.0625,8.6875],"tintindex":0,"rotation":0,"texture":"#4"},"north":{"uv":[12.0625,8.65625,12.03125,8.6875],"tintindex":0,"rotation":0,"texture":"#4"},"west":{"uv":[12.03125,8.65625,12.0625,8.6875],"tintindex":0,"rotation":0,"texture":"#4"},"up":{"uv":[12.03125,8.65625,12.0625,8.6875],"tintindex":0,"rotation":0,"texture":"#4"},"down":{"uv":[12.03125,8.65625,12.0625,8.6875],"tintindex":0,"rotation":0,"texture":"#4"}}},{"from":[15.839975,20.261354,8.0],"to":[15.885555,20.30694,4.74558],"faces":{"east":{"uv":[6.375,7.5625,6.40625,7.59375],"tintindex":0,"rotation":0,"texture":"#4"},"south":{"uv":[6.375,7.5625,6.40625,7.59375],"tintindex":0,"rotation":0,"texture":"#4"},"north":{"uv":[6.40625,7.5625,6.375,7.59375],"tintindex":0,"rotation":0,"texture":"#4"},"west":{"uv":[6.375,7.5625,6.40625,7.59375],"tintindex":0,"rotation":0,"texture":"#4"},"up":{"uv":[6.375,7.5625,6.40625,7.59375],"tintindex":0,"rotation":0,"texture":"#4"},"down":{"uv":[6.375,7.5625,6.40625,7.59375],"tintindex":0,"rotation":0,"texture":"#4"}}},{"from":[16.113464,20.80833,8.0],"to":[16.159044,21.03624,4.74558],"faces":{"east":{"uv":[6.5625,7.0625,6.59375,7.21875],"tintindex":0,"rotation":0,"texture":"#4"},"south":{"uv":[6.5625,7.0625,6.59375,7.21875],"tintindex":0,"rotation":0,"texture":"#4"},"north":{"uv":[6.59375,7.0625,6.5625,7.21875],"tintindex":0,"rotation":0,"texture":"#4"},"west":{"uv":[6.5625,7.0625,6.59375,7.21875],"tintindex":0,"rotation":0,"texture":"#4"},"up":{"uv":[6.5625,7.0625,6.59375,7.09375],"tintindex":0,"rotation":0,"texture":"#4"},"down":{"uv":[6.5625,7.1875,6.59375,7.21875],"tintindex":0,"rotation":0,"texture":"#4"}}},{"from":[15.839975,20.30694,8.0],"to":[15.931135,21.03624,4.74558],"faces":{"east":{"uv":[6.40625,7.0625,6.4375,7.5625],"tintindex":0,"rotation":0,"texture":"#4"},"south":{"uv":[6.375,7.0625,6.4375,7.5625],"tintindex":0,"rotation":0,"texture":"#4"},"north":{"uv":[6.4375,7.0625,6.375,7.5625],"tintindex":0,"rotation":0,"texture":"#4"},"west":{"uv":[6.375,7.0625,6.40625,7.5625],"tintindex":0,"rotation":0,"texture":"#4"},"up":{"uv":[6.375,7.0625,6.4375,7.09375],"tintindex":0,"rotation":0,"texture":"#4"},"down":{"uv":[6.375,7.53125,6.4375,7.5625],"tintindex":0,"rotation":0,"texture":"#4"}}},{"from":[16.29579,20.261354,8.0],"to":[16.34137,20.489265,4.74558],"faces":{"east":{"uv":[6.6875,7.4375,6.71875,7.59375],"tintindex":0,"rotation":0,"texture":"#4"},"south":{"uv":[6.6875,7.4375,6.71875,7.59375],"tintindex":0,"rotation":0,"texture":"#4"},"north":{"uv":[6.71875,7.4375,6.6875,7.59375],"tintindex":0,"rotation":0,"texture":"#4"},"west":{"uv":[6.6875,7.4375,6.71875,7.59375],"tintindex":0,"rotation":0,"texture":"#4"},"up":{"uv":[6.6875,7.4375,6.71875,7.46875],"tintindex":0,"rotation":0,"texture":"#4"},"down":{"uv":[6.6875,7.5625,6.71875,7.59375],"tintindex":0,"rotation":0,"texture":"#4"}}},{"from":[17.79997,18.62043,8.0],"to":[18.073456,18.802755,4.74558],"faces":{"east":{"uv":[7.875,8.59375,7.90625,8.71875],"tintindex":0,"rotation":0,"texture":"#4"},"south":{"uv":[7.71875,8.59375,7.90625,8.71875],"tintindex":0,"rotation":0,"texture":"#4"},"north":{"uv":[7.90625,8.59375,7.71875,8.71875],"tintindex":0,"rotation":0,"texture":"#4"},"west":{"uv":[7.71875,8.59375,7.75,8.71875],"tintindex":0,"rotation":0,"texture":"#4"},"up":{"uv":[7.71875,8.59375,7.90625,8.625],"tintindex":0,"rotation":0,"texture":"#4"},"down":{"uv":[7.71875,8.6875,7.90625,8.71875],"tintindex":0,"rotation":0,"texture":"#4"}}}],"display":{"head":{"rotation":[0.0,0.0,0.0]},"firstperson_righthand":{"rotation":[0.0,0.0,0.0]},"thirdperson_lefthand":{"rotation":[0.0,-0.0,-0.0]},"firstperson_lefthand":{"rotation":[0.0,-0.0,-0.0]},"fixed":{"rotation":[0.0,0.0,0.0]},"ground":{"rotation":[0.0,0.0,0.0]},"thirdperson_righthand":{"rotation":[0.0,0.0,0.0]},"gui":{"rotation":[-150.0,-45.0,180.0]}}}