{"textures":{"3":"modelengine:entity/valooria","particle":"#3"},"elements":[{"from":[2.6662698,5.59981,7.38855],"to":[4.26638,7.73331,8.61146],"faces":{"south":{"uv":[0.57600003,0.8,0.0,3.2],"tintindex":0,"rotation":0,"texture":"#3"},"north":{"uv":[0.0,0.8,0.57600003,3.2],"tintindex":0,"rotation":0,"texture":"#3"},"up":{"uv":[0.57600003,0.8,0.0,0.0],"tintindex":0,"rotation":0,"texture":"#3"},"down":{"uv":[0.57600003,4.0,0.0,3.2],"tintindex":0,"rotation":0,"texture":"#3"}}}],"display":{"head":{"rotation":[0.0,0.0,0.0]},"firstperson_righthand":{"rotation":[0.0,0.0,0.0]},"thirdperson_lefthand":{"rotation":[0.0,-0.0,-0.0]},"firstperson_lefthand":{"rotation":[0.0,-0.0,-0.0]},"fixed":{"rotation":[0.0,0.0,0.0]},"ground":{"rotation":[0.0,0.0,0.0]},"thirdperson_righthand":{"rotation":[0.0,0.0,0.0]},"gui":{"rotation":[-150.0,-45.0,180.0]}}}