{"textures":{"5":"modelengine:entity/2023_04_16_entop--variant--x2--21523059","particle":"#5"},"elements":[{"from":[7.43565,7.17006,7.70124],"to":[8.56444,8.82993,8.29876],"faces":{"east":{"uv":[4.0,5.0,5.0,8.0],"tintindex":0,"rotation":0,"texture":"#5"},"south":{"uv":[8.0,5.0,10.0,8.0],"tintindex":0,"rotation":0,"texture":"#5"},"north":{"uv":[5.0,5.0,7.0,8.0],"tintindex":0,"rotation":0,"texture":"#5"},"west":{"uv":[7.0,5.0,8.0,8.0],"tintindex":0,"rotation":0,"texture":"#5"},"up":{"uv":[7.0,5.0,5.0,4.0],"tintindex":0,"rotation":0,"texture":"#5"},"down":{"uv":[9.0,4.0,7.0,5.0],"tintindex":0,"rotation":0,"texture":"#5"}}}],"display":{"head":{"rotation":[0.0,0.0,0.0]},"firstperson_righthand":{"rotation":[0.0,0.0,0.0]},"thirdperson_lefthand":{"rotation":[0.0,-0.0,-0.0]},"firstperson_lefthand":{"rotation":[0.0,-0.0,-0.0]},"fixed":{"rotation":[0.0,0.0,0.0]},"ground":{"rotation":[0.0,0.0,0.0]},"thirdperson_righthand":{"rotation":[0.0,0.0,0.0]},"gui":{"rotation":[-150.0,-45.0,180.0]}}}