{"textures":{"1":"modelengine:entity/s2","particle":"#1"},"elements":[{"from":[7.62752,8.01552,7.91061],"to":[7.67408,8.3880005,8.0894],"faces":{"south":{"uv":[5.184,9.0,5.0880003,11.400001],"tintindex":0,"rotation":0,"texture":"#1"},"north":{"uv":[5.0880003,9.0,5.184,11.400001],"tintindex":0,"rotation":0,"texture":"#1"},"west":{"uv":[5.184,9.0,5.44,11.400001],"tintindex":0,"rotation":0,"texture":"#1"},"up":{"uv":[5.184,9.0,5.0880003,8.2],"tintindex":0,"rotation":0,"texture":"#1"},"down":{"uv":[5.184,12.2,5.0880003,11.400001],"tintindex":0,"rotation":0,"texture":"#1"}}}],"display":{"head":{"rotation":[0.0,0.0,0.0]},"firstperson_righthand":{"rotation":[0.0,0.0,0.0]},"thirdperson_lefthand":{"rotation":[0.0,-0.0,-0.0]},"firstperson_lefthand":{"rotation":[0.0,-0.0,-0.0]},"fixed":{"rotation":[0.0,0.0,0.0]},"ground":{"rotation":[0.0,0.0,0.0]},"thirdperson_righthand":{"rotation":[0.0,0.0,0.0]},"gui":{"rotation":[-150.0,-45.0,180.0]}}}