{"textures":{"3":"modelengine:entity/valooria","particle":"#3"},"elements":[{"from":[2.39957,5.59981,7.38855],"to":[2.6662698,7.73331,8.61146],"faces":{"south":{"uv":[5.184,9.0,5.0880003,11.400001],"tintindex":0,"rotation":0,"texture":"#3"},"north":{"uv":[5.0880003,9.0,5.184,11.400001],"tintindex":0,"rotation":0,"texture":"#3"},"west":{"uv":[5.184,9.0,5.44,11.400001],"tintindex":0,"rotation":0,"texture":"#3"},"up":{"uv":[5.184,9.0,5.0880003,8.2],"tintindex":0,"rotation":0,"texture":"#3"},"down":{"uv":[5.184,12.2,5.0880003,11.400001],"tintindex":0,"rotation":0,"texture":"#3"}}}],"display":{"head":{"rotation":[0.0,0.0,0.0]},"firstperson_righthand":{"rotation":[0.0,0.0,0.0]},"thirdperson_lefthand":{"rotation":[0.0,-0.0,-0.0]},"firstperson_lefthand":{"rotation":[0.0,-0.0,-0.0]},"fixed":{"rotation":[0.0,0.0,0.0]},"ground":{"rotation":[0.0,0.0,0.0]},"thirdperson_righthand":{"rotation":[0.0,0.0,0.0]},"gui":{"rotation":[-150.0,-45.0,180.0]}}}