{"textures":{"2":"modelengine:entity/island","particle":"#2"},"elements":[{"from":[4.49683,6.24841,7.62632],"to":[4.69145,7.80538,8.37367],"faces":{"south":{"uv":[5.184,9.0,5.0880003,11.400001],"tintindex":0,"rotation":0,"texture":"#2"},"north":{"uv":[5.0880003,9.0,5.184,11.400001],"tintindex":0,"rotation":0,"texture":"#2"},"west":{"uv":[5.184,9.0,5.44,11.400001],"tintindex":0,"rotation":0,"texture":"#2"},"up":{"uv":[5.184,9.0,5.0880003,8.2],"tintindex":0,"rotation":0,"texture":"#2"},"down":{"uv":[5.184,12.2,5.0880003,11.400001],"tintindex":0,"rotation":0,"texture":"#2"}}}],"display":{"head":{"rotation":[0.0,0.0,0.0]},"firstperson_righthand":{"rotation":[0.0,0.0,0.0]},"thirdperson_lefthand":{"rotation":[0.0,-0.0,-0.0]},"firstperson_lefthand":{"rotation":[0.0,-0.0,-0.0]},"fixed":{"rotation":[0.0,0.0,0.0]},"ground":{"rotation":[0.0,0.0,0.0]},"thirdperson_righthand":{"rotation":[0.0,0.0,0.0]},"gui":{"rotation":[-150.0,-45.0,180.0]}}}