{"textures":{"0":"modelengine:entity/welcome","particle":"#0"},"elements":[{"from":[5.99951,8.02151,7.8761],"to":[6.06404,8.537769,8.1239],"faces":{"south":{"uv":[5.184,9.0,5.0880003,11.400001],"tintindex":0,"rotation":0,"texture":"#0"},"north":{"uv":[5.0880003,9.0,5.184,11.400001],"tintindex":0,"rotation":0,"texture":"#0"},"west":{"uv":[5.184,9.0,5.44,11.400001],"tintindex":0,"rotation":0,"texture":"#0"},"up":{"uv":[5.184,9.0,5.0880003,8.2],"tintindex":0,"rotation":0,"texture":"#0"},"down":{"uv":[5.184,12.2,5.0880003,11.400001],"tintindex":0,"rotation":0,"texture":"#0"}}}],"display":{"head":{"rotation":[0.0,0.0,0.0]},"firstperson_righthand":{"rotation":[0.0,0.0,0.0]},"thirdperson_lefthand":{"rotation":[0.0,-0.0,-0.0]},"firstperson_lefthand":{"rotation":[0.0,-0.0,-0.0]},"fixed":{"rotation":[0.0,0.0,0.0]},"ground":{"rotation":[0.0,0.0,0.0]},"thirdperson_righthand":{"rotation":[0.0,0.0,0.0]},"gui":{"rotation":[-150.0,-45.0,180.0]}}}