{"textures":{"2":"modelengine:entity/island","particle":"#2"},"elements":[{"from":[4.69145,6.24841,7.62632],"to":[5.85918,7.80538,8.37367],"faces":{"south":{"uv":[3.0080001,0.8,2.4320002,3.2],"tintindex":0,"rotation":0,"texture":"#2"},"north":{"uv":[2.4320002,0.8,3.0080001,3.2],"tintindex":0,"rotation":0,"texture":"#2"},"up":{"uv":[3.0080001,0.8,2.4320002,0.0],"tintindex":0,"rotation":0,"texture":"#2"},"down":{"uv":[3.0080001,4.0,2.4320002,3.2],"tintindex":0,"rotation":0,"texture":"#2"}}}],"display":{"head":{"rotation":[0.0,0.0,0.0]},"firstperson_righthand":{"rotation":[0.0,0.0,0.0]},"thirdperson_lefthand":{"rotation":[0.0,-0.0,-0.0]},"firstperson_lefthand":{"rotation":[0.0,-0.0,-0.0]},"fixed":{"rotation":[0.0,0.0,0.0]},"ground":{"rotation":[0.0,0.0,0.0]},"thirdperson_righthand":{"rotation":[0.0,0.0,0.0]},"gui":{"rotation":[-150.0,-45.0,180.0]}}}