{"textures":{"6":"modelengine:entity/dungeons-skull","particle":"#6"},"elements":[{"from":[8.7889,8.257601,8.4186],"to":[8.4991,8.161,7.5814],"faces":{"east":{"uv":[0.0,11.0769205,0.14545017,11.2],"tintindex":0,"rotation":0,"texture":"#6"},"south":{"uv":[0.0,11.0769205,0.14545017,11.2],"tintindex":0,"rotation":0,"texture":"#6"},"north":{"uv":[0.0,11.0769205,0.14545017,11.2],"tintindex":0,"rotation":0,"texture":"#6"},"west":{"uv":[0.0,11.0769205,0.14545017,11.2],"tintindex":0,"rotation":0,"texture":"#6"},"up":{"uv":[0.0,11.0769205,0.14545017,11.2],"tintindex":0,"rotation":0,"texture":"#6"}}},{"from":[7.1145,8.0644,7.6458],"to":[8.8855,9.4812,8.3542],"faces":{"south":{"uv":[7.9999995,2.70769,0.0,8.123079],"tintindex":0,"rotation":0,"texture":"#6"},"north":{"uv":[0.0,2.70769,7.9999995,8.123079],"tintindex":0,"rotation":0,"texture":"#6"},"up":{"uv":[7.9999995,2.70769,0.0,0.0],"tintindex":0,"rotation":0,"texture":"#6"},"down":{"uv":[7.9999995,10.8307705,0.0,8.123079],"tintindex":0,"rotation":0,"texture":"#6"}}},{"from":[7.5009,8.257601,8.4186],"to":[7.2111,8.161,7.5814],"faces":{"east":{"uv":[0.0,11.0769205,0.14545017,11.2],"tintindex":0,"rotation":0,"texture":"#6"},"south":{"uv":[0.0,11.0769205,0.14545017,11.2],"tintindex":0,"rotation":0,"texture":"#6"},"north":{"uv":[0.0,11.0769205,0.14545017,11.2],"tintindex":0,"rotation":0,"texture":"#6"},"west":{"uv":[0.0,11.0769205,0.14545017,11.2],"tintindex":0,"rotation":0,"texture":"#6"},"up":{"uv":[0.0,11.0769205,0.14545017,11.2],"tintindex":0,"rotation":0,"texture":"#6"}}},{"from":[8.177099,8.257601,8.4186],"to":[7.8229,8.161,7.5814],"faces":{"south":{"uv":[0.0,11.0769205,0.14545017,11.2],"tintindex":0,"rotation":0,"texture":"#6"},"north":{"uv":[0.0,11.0769205,0.14545017,11.2],"tintindex":0,"rotation":0,"texture":"#6"},"up":{"uv":[7.27273,11.323081,8.872729,11.44615],"tintindex":0,"rotation":0,"texture":"#6"}}},{"from":[7.5009,8.257601,7.5814],"to":[8.4991,8.257601,8.4186],"faces":{"up":{"uv":[7.27273,11.2,11.781819,11.323081],"tintindex":0,"rotation":0,"texture":"#6"}}},{"from":[7.2755,8.2254,7.6458],"to":[8.7245,9.3202,8.3542],"faces":{"up":{"uv":[14.83636,2.70769,8.290911,0.0],"tintindex":0,"rotation":0,"texture":"#6"},"down":{"uv":[14.83636,10.8307705,8.290911,8.123079],"tintindex":0,"rotation":0,"texture":"#6"}}},{"from":[8.7889,9.5456,8.4186],"to":[7.2111,8.257601,7.5814],"faces":{"east":{"uv":[7.1272697,16.0,7.27273,11.0769205],"tintindex":0,"rotation":0,"texture":"#6"},"south":{"uv":[0.0,16.0,7.1272697,11.0769205],"tintindex":0,"rotation":0,"texture":"#6"},"north":{"uv":[0.0,16.0,7.1272697,11.0769205],"tintindex":0,"rotation":0,"texture":"#6"},"west":{"uv":[7.1272697,16.0,7.27273,11.0769205],"tintindex":0,"rotation":0,"texture":"#6"},"down":{"uv":[0.0,11.0769205,7.1272697,11.2],"tintindex":0,"rotation":0,"texture":"#6"}}},{"from":[8.144899,8.161,8.4186],"to":[7.8550997,8.0,7.5814],"faces":{"east":{"uv":[0.0,11.0769205,0.14545017,11.2],"tintindex":0,"rotation":0,"texture":"#6"},"south":{"uv":[0.0,11.0769205,0.14545017,11.2],"tintindex":0,"rotation":0,"texture":"#6"},"north":{"uv":[0.0,11.0769205,0.14545017,11.2],"tintindex":0,"rotation":0,"texture":"#6"},"west":{"uv":[0.0,11.0769205,0.14545017,11.2],"tintindex":0,"rotation":0,"texture":"#6"},"up":{"uv":[0.0,11.0769205,0.14545017,11.2],"tintindex":0,"rotation":0,"texture":"#6"}}},{"from":[7.8229,8.257601,8.4186],"to":[7.5331,8.0,7.5814],"faces":{"east":{"uv":[0.0,11.0769205,0.14545017,11.2],"tintindex":0,"rotation":0,"texture":"#6"},"south":{"uv":[0.0,11.0769205,0.14545017,11.2],"tintindex":0,"rotation":0,"texture":"#6"},"north":{"uv":[0.0,11.0769205,0.14545017,11.2],"tintindex":0,"rotation":0,"texture":"#6"},"west":{"uv":[1.3090894,12.30769,1.4545497,11.323081],"tintindex":0,"rotation":0,"texture":"#6"},"up":{"uv":[0.0,11.0769205,0.14545017,11.2],"tintindex":0,"rotation":0,"texture":"#6"}}},{"from":[7.5009,9.3846,7.5814],"to":[8.4991,9.5456,8.4186],"faces":{"east":{"uv":[0.0,11.0769205,0.14545017,11.2],"tintindex":0,"rotation":0,"texture":"#6"},"west":{"uv":[0.0,11.0769205,0.15685964,11.2],"tintindex":0,"rotation":0,"texture":"#6"},"down":{"uv":[0.0,11.0769205,0.15685964,11.2],"tintindex":0,"rotation":0,"texture":"#6"}}},{"from":[7.4365,9.3202,7.6458],"to":[8.563499,9.4812,8.3542],"faces":{"east":{"uv":[0.0,11.0769205,0.14545017,11.2],"tintindex":0,"rotation":0,"texture":"#6"},"west":{"uv":[0.0,11.0769205,0.15685964,11.2],"tintindex":0,"rotation":0,"texture":"#6"}}},{"from":[8.4669,8.257601,8.4186],"to":[8.177099,8.0,7.5814],"faces":{"east":{"uv":[1.3090894,12.30769,1.4545497,11.323081],"tintindex":0,"rotation":0,"texture":"#6"},"south":{"uv":[0.0,11.0769205,0.14545017,11.2],"tintindex":0,"rotation":0,"texture":"#6"},"north":{"uv":[0.0,11.0769205,0.14545017,11.2],"tintindex":0,"rotation":0,"texture":"#6"},"west":{"uv":[0.0,11.0769205,0.14545017,11.2],"tintindex":0,"rotation":0,"texture":"#6"},"up":{"uv":[0.0,11.0769205,0.14545017,11.2],"tintindex":0,"rotation":0,"texture":"#6"}}},{"from":[8.9499,8.805,8.4186],"to":[7.0501,8.3220005,7.5814],"faces":{"east":{"uv":[0.0,11.0769205,0.15685964,11.2],"tintindex":0,"rotation":0,"texture":"#6"},"south":{"uv":[7.27273,11.0769205,15.854549,11.2],"tintindex":0,"rotation":0,"texture":"#6"},"north":{"uv":[15.854549,11.0769205,7.27273,11.2],"tintindex":0,"rotation":0,"texture":"#6"},"west":{"uv":[0.0,11.0769205,0.14545017,11.2],"tintindex":0,"rotation":0,"texture":"#6"},"up":{"uv":[7.27273,11.0769205,15.854549,11.2],"tintindex":0,"rotation":0,"texture":"#6"},"down":{"uv":[7.27273,11.0769205,15.854549,11.2],"tintindex":0,"rotation":0,"texture":"#6"}}}],"display":{"head":{"rotation":[0.0,0.0,0.0]},"firstperson_righthand":{"rotation":[0.0,0.0,0.0]},"thirdperson_lefthand":{"rotation":[0.0,-0.0,-0.0]},"firstperson_lefthand":{"rotation":[0.0,-0.0,-0.0]},"fixed":{"rotation":[0.0,0.0,0.0]},"ground":{"rotation":[0.0,0.0,0.0]},"thirdperson_righthand":{"rotation":[0.0,0.0,0.0]},"gui":{"rotation":[-150.0,-45.0,180.0]}}}