{"textures":{"0":"modelengine:entity/welcome","particle":"#0"},"elements":[{"from":[7.22561,8.02151,7.8761],"to":[7.61281,8.537769,8.1239],"faces":{"south":{"uv":[3.6160002,0.8,3.0400002,3.2],"tintindex":0,"rotation":0,"texture":"#0"},"north":{"uv":[3.0400002,0.8,3.6160002,3.2],"tintindex":0,"rotation":0,"texture":"#0"},"up":{"uv":[3.6160002,0.8,3.0400002,0.0],"tintindex":0,"rotation":0,"texture":"#0"},"down":{"uv":[3.6160002,4.0,3.0400002,3.2],"tintindex":0,"rotation":0,"texture":"#0"}}}],"display":{"head":{"rotation":[0.0,0.0,0.0]},"firstperson_righthand":{"rotation":[0.0,0.0,0.0]},"thirdperson_lefthand":{"rotation":[0.0,-0.0,-0.0]},"firstperson_lefthand":{"rotation":[0.0,-0.0,-0.0]},"fixed":{"rotation":[0.0,0.0,0.0]},"ground":{"rotation":[0.0,0.0,0.0]},"thirdperson_righthand":{"rotation":[0.0,0.0,0.0]},"gui":{"rotation":[-150.0,-45.0,180.0]}}}