{"textures":{"2":"modelengine:entity/island","particle":"#2"},"elements":[{"from":[11.56805,7.8702497,8.46709],"to":[4.43196,6.1835403,7.5329],"faces":{"east":{"uv":[0.0,12.3,0.016,12.35],"tintindex":0,"rotation":0,"texture":"#2"},"south":{"uv":[0.0,12.3,0.016,12.35],"tintindex":0,"rotation":0,"texture":"#2"},"north":{"uv":[0.0,12.3,0.016,12.35],"tintindex":0,"rotation":0,"texture":"#2"},"west":{"uv":[0.0,12.3,0.016,12.35],"tintindex":0,"rotation":0,"texture":"#2"},"up":{"uv":[0.0,12.3,0.016,12.35],"tintindex":0,"rotation":0,"texture":"#2"},"down":{"uv":[0.0,12.3,0.016,12.35],"tintindex":0,"rotation":0,"texture":"#2"}}}],"display":{"head":{"rotation":[0.0,0.0,0.0]},"firstperson_righthand":{"rotation":[0.0,0.0,0.0]},"thirdperson_lefthand":{"rotation":[0.0,-0.0,-0.0]},"firstperson_lefthand":{"rotation":[0.0,-0.0,-0.0]},"fixed":{"rotation":[0.0,0.0,0.0]},"ground":{"rotation":[0.0,0.0,0.0]},"thirdperson_righthand":{"rotation":[0.0,0.0,0.0]},"gui":{"rotation":[-150.0,-45.0,180.0]}}}