{"textures":{"2":"modelengine:entity/island","particle":"#2"},"elements":[{"from":[8.19462,6.24841,7.62632],"to":[9.36235,7.80538,8.37367],"faces":{"south":{"uv":[7.6800003,0.8,7.1040006,3.2],"tintindex":0,"rotation":0,"texture":"#2"},"north":{"uv":[7.1040006,0.8,7.6800003,3.2],"tintindex":0,"rotation":0,"texture":"#2"},"up":{"uv":[7.6800003,0.8,7.1040006,0.0],"tintindex":0,"rotation":0,"texture":"#2"},"down":{"uv":[7.6800003,4.0,7.1040006,3.2],"tintindex":0,"rotation":0,"texture":"#2"}}}],"display":{"head":{"rotation":[0.0,0.0,0.0]},"firstperson_righthand":{"rotation":[0.0,0.0,0.0]},"thirdperson_lefthand":{"rotation":[0.0,-0.0,-0.0]},"firstperson_lefthand":{"rotation":[0.0,-0.0,-0.0]},"fixed":{"rotation":[0.0,0.0,0.0]},"ground":{"rotation":[0.0,0.0,0.0]},"thirdperson_righthand":{"rotation":[0.0,0.0,0.0]},"gui":{"rotation":[-150.0,-45.0,180.0]}}}