{"textures":{"0":"modelengine:entity/welcome","particle":"#0"},"elements":[{"from":[8.77439,8.02151,7.8761],"to":[9.16158,8.537769,8.1239],"faces":{"south":{"uv":[7.6800003,0.8,7.1040006,3.2],"tintindex":0,"rotation":0,"texture":"#0"},"north":{"uv":[7.1040006,0.8,7.6800003,3.2],"tintindex":0,"rotation":0,"texture":"#0"},"up":{"uv":[7.6800003,0.8,7.1040006,0.0],"tintindex":0,"rotation":0,"texture":"#0"},"down":{"uv":[7.6800003,4.0,7.1040006,3.2],"tintindex":0,"rotation":0,"texture":"#0"}}}],"display":{"head":{"rotation":[0.0,0.0,0.0]},"firstperson_righthand":{"rotation":[0.0,0.0,0.0]},"thirdperson_lefthand":{"rotation":[0.0,-0.0,-0.0]},"firstperson_lefthand":{"rotation":[0.0,-0.0,-0.0]},"fixed":{"rotation":[0.0,0.0,0.0]},"ground":{"rotation":[0.0,0.0,0.0]},"thirdperson_righthand":{"rotation":[0.0,0.0,0.0]},"gui":{"rotation":[-150.0,-45.0,180.0]}}}