{"textures":{"5":"modelengine:entity/2023_04_16_entop--variant--x2--21523059","particle":"#5"},"elements":[{"from":[8.35997,8.66474,8.0],"to":[8.83799,10.09888,8.47802],"faces":{"east":{"uv":[8.0,13.0,9.0,16.0],"tintindex":0,"rotation":0,"texture":"#5"},"south":{"uv":[11.0,13.0,12.0,16.0],"tintindex":0,"rotation":0,"texture":"#5"},"north":{"uv":[9.0,13.0,10.0,16.0],"tintindex":0,"rotation":0,"texture":"#5"},"west":{"uv":[10.0,13.0,11.0,16.0],"tintindex":0,"rotation":0,"texture":"#5"},"up":{"uv":[10.0,13.0,9.0,12.0],"tintindex":0,"rotation":0,"texture":"#5"},"down":{"uv":[11.0,12.0,10.0,13.0],"tintindex":0,"rotation":0,"texture":"#5"}}}],"display":{"head":{"rotation":[0.0,0.0,0.0]},"firstperson_righthand":{"rotation":[0.0,0.0,0.0]},"thirdperson_lefthand":{"rotation":[0.0,-0.0,-0.0]},"firstperson_lefthand":{"rotation":[0.0,-0.0,-0.0]},"fixed":{"rotation":[0.0,0.0,0.0]},"ground":{"rotation":[0.0,0.0,0.0]},"thirdperson_righthand":{"rotation":[0.0,0.0,0.0]},"gui":{"rotation":[-150.0,-45.0,180.0]}}}