{"textures":{"5":"modelengine:entity/2023_04_16_entop--variant--x2--21523059","particle":"#5"},"elements":[{"from":[8.0,8.72507,8.0],"to":[8.483351,10.1752205,8.48335],"faces":{"east":{"uv":[4.0,13.0,5.0,16.0],"tintindex":0,"rotation":0,"texture":"#5"},"south":{"uv":[7.0,13.0,8.0,16.0],"tintindex":0,"rotation":0,"texture":"#5"},"north":{"uv":[5.0,13.0,6.0,16.0],"tintindex":0,"rotation":0,"texture":"#5"},"west":{"uv":[6.0,13.0,7.0,16.0],"tintindex":0,"rotation":0,"texture":"#5"},"up":{"uv":[6.0,13.0,5.0,12.0],"tintindex":0,"rotation":0,"texture":"#5"},"down":{"uv":[7.0,12.0,6.0,13.0],"tintindex":0,"rotation":0,"texture":"#5"}}}],"display":{"head":{"rotation":[0.0,0.0,0.0]},"firstperson_righthand":{"rotation":[0.0,0.0,0.0]},"thirdperson_lefthand":{"rotation":[0.0,-0.0,-0.0]},"firstperson_lefthand":{"rotation":[0.0,-0.0,-0.0]},"fixed":{"rotation":[0.0,0.0,0.0]},"ground":{"rotation":[0.0,0.0,0.0]},"thirdperson_righthand":{"rotation":[0.0,0.0,0.0]},"gui":{"rotation":[-150.0,-45.0,180.0]}}}