{"textures":{"3":"modelengine:entity/valooria","particle":"#3"},"elements":[{"from":[6.93326,5.59981,7.38855],"to":[8.5333805,7.73331,8.61146],"faces":{"south":{"uv":[9.504001,0.8,8.928,3.2],"tintindex":0,"rotation":0,"texture":"#3"},"north":{"uv":[8.928,0.8,9.504001,3.2],"tintindex":0,"rotation":0,"texture":"#3"},"up":{"uv":[9.504001,0.8,8.928,0.0],"tintindex":0,"rotation":0,"texture":"#3"},"down":{"uv":[9.504001,4.0,8.928,3.2],"tintindex":0,"rotation":0,"texture":"#3"}}}],"display":{"head":{"rotation":[0.0,0.0,0.0]},"firstperson_righthand":{"rotation":[0.0,0.0,0.0]},"thirdperson_lefthand":{"rotation":[0.0,-0.0,-0.0]},"firstperson_lefthand":{"rotation":[0.0,-0.0,-0.0]},"fixed":{"rotation":[0.0,0.0,0.0]},"ground":{"rotation":[0.0,0.0,0.0]},"thirdperson_righthand":{"rotation":[0.0,0.0,0.0]},"gui":{"rotation":[-150.0,-45.0,180.0]}}}