{"textures":{"3":"modelengine:entity/valooria","particle":"#3"},"elements":[{"from":[13.33374,5.59981,7.38855],"to":[13.60043,7.73331,8.61146],"faces":{"east":{"uv":[4.704,9.0,4.96,11.400001],"tintindex":0,"rotation":0,"texture":"#3"},"south":{"uv":[5.056,9.0,4.96,11.400001],"tintindex":0,"rotation":0,"texture":"#3"},"north":{"uv":[4.96,9.0,5.056,11.400001],"tintindex":0,"rotation":0,"texture":"#3"},"up":{"uv":[5.056,9.0,4.96,8.2],"tintindex":0,"rotation":0,"texture":"#3"},"down":{"uv":[5.056,12.2,4.96,11.400001],"tintindex":0,"rotation":0,"texture":"#3"}}}],"display":{"head":{"rotation":[0.0,0.0,0.0]},"firstperson_righthand":{"rotation":[0.0,0.0,0.0]},"thirdperson_lefthand":{"rotation":[0.0,-0.0,-0.0]},"firstperson_lefthand":{"rotation":[0.0,-0.0,-0.0]},"fixed":{"rotation":[0.0,0.0,0.0]},"ground":{"rotation":[0.0,0.0,0.0]},"thirdperson_righthand":{"rotation":[0.0,0.0,0.0]},"gui":{"rotation":[-150.0,-45.0,180.0]}}}