{"textures":{"0":"modelengine:entity/welcome","particle":"#0"},"elements":[{"from":[9.93597,8.02151,7.8761],"to":[10.0005,8.537769,8.1239],"faces":{"east":{"uv":[4.704,9.0,4.96,11.400001],"tintindex":0,"rotation":0,"texture":"#0"},"south":{"uv":[5.056,9.0,4.96,11.400001],"tintindex":0,"rotation":0,"texture":"#0"},"north":{"uv":[4.96,9.0,5.056,11.400001],"tintindex":0,"rotation":0,"texture":"#0"},"up":{"uv":[5.056,9.0,4.96,8.2],"tintindex":0,"rotation":0,"texture":"#0"},"down":{"uv":[5.056,12.2,4.96,11.400001],"tintindex":0,"rotation":0,"texture":"#0"}}}],"display":{"head":{"rotation":[0.0,0.0,0.0]},"firstperson_righthand":{"rotation":[0.0,0.0,0.0]},"thirdperson_lefthand":{"rotation":[0.0,-0.0,-0.0]},"firstperson_lefthand":{"rotation":[0.0,-0.0,-0.0]},"fixed":{"rotation":[0.0,0.0,0.0]},"ground":{"rotation":[0.0,0.0,0.0]},"thirdperson_righthand":{"rotation":[0.0,0.0,0.0]},"gui":{"rotation":[-150.0,-45.0,180.0]}}}