{"textures":{"2":"modelengine:entity/island","particle":"#2"},"elements":[{"from":[11.308559,6.24841,7.62632],"to":[11.50318,7.80538,8.37367],"faces":{"east":{"uv":[4.704,9.0,4.96,11.400001],"tintindex":0,"rotation":0,"texture":"#2"},"south":{"uv":[5.056,9.0,4.96,11.400001],"tintindex":0,"rotation":0,"texture":"#2"},"north":{"uv":[4.96,9.0,5.056,11.400001],"tintindex":0,"rotation":0,"texture":"#2"},"up":{"uv":[5.056,9.0,4.96,8.2],"tintindex":0,"rotation":0,"texture":"#2"},"down":{"uv":[5.056,12.2,4.96,11.400001],"tintindex":0,"rotation":0,"texture":"#2"}}}],"display":{"head":{"rotation":[0.0,0.0,0.0]},"firstperson_righthand":{"rotation":[0.0,0.0,0.0]},"thirdperson_lefthand":{"rotation":[0.0,-0.0,-0.0]},"firstperson_lefthand":{"rotation":[0.0,-0.0,-0.0]},"fixed":{"rotation":[0.0,0.0,0.0]},"ground":{"rotation":[0.0,0.0,0.0]},"thirdperson_righthand":{"rotation":[0.0,0.0,0.0]},"gui":{"rotation":[-150.0,-45.0,180.0]}}}