{"textures":{"1":"modelengine:entity/s2","particle":"#1"},"elements":[{"from":[8.32592,8.01552,7.91061],"to":[8.37248,8.3880005,8.0894],"faces":{"east":{"uv":[4.704,9.0,4.96,11.400001],"tintindex":0,"rotation":0,"texture":"#1"},"south":{"uv":[5.056,9.0,4.96,11.400001],"tintindex":0,"rotation":0,"texture":"#1"},"north":{"uv":[4.96,9.0,5.056,11.400001],"tintindex":0,"rotation":0,"texture":"#1"},"up":{"uv":[5.056,9.0,4.96,8.2],"tintindex":0,"rotation":0,"texture":"#1"},"down":{"uv":[5.056,12.2,4.96,11.400001],"tintindex":0,"rotation":0,"texture":"#1"}}}],"display":{"head":{"rotation":[0.0,0.0,0.0]},"firstperson_righthand":{"rotation":[0.0,0.0,0.0]},"thirdperson_lefthand":{"rotation":[0.0,-0.0,-0.0]},"firstperson_lefthand":{"rotation":[0.0,-0.0,-0.0]},"fixed":{"rotation":[0.0,0.0,0.0]},"ground":{"rotation":[0.0,0.0,0.0]},"thirdperson_righthand":{"rotation":[0.0,0.0,0.0]},"gui":{"rotation":[-150.0,-45.0,180.0]}}}