{"textures":{"3":"modelengine:entity/valooria","particle":"#3"},"elements":[{"from":[5.33313,5.59981,7.38855],"to":[6.93326,7.73331,8.61146],"faces":{"south":{"uv":[11.328,0.8,10.752001,3.2],"tintindex":0,"rotation":0,"texture":"#3"},"north":{"uv":[10.752001,0.8,11.328,3.2],"tintindex":0,"rotation":0,"texture":"#3"},"up":{"uv":[11.328,0.8,10.752001,0.0],"tintindex":0,"rotation":0,"texture":"#3"},"down":{"uv":[11.328,4.0,10.752001,3.2],"tintindex":0,"rotation":0,"texture":"#3"}}}],"display":{"head":{"rotation":[0.0,0.0,0.0]},"firstperson_righthand":{"rotation":[0.0,0.0,0.0]},"thirdperson_lefthand":{"rotation":[0.0,-0.0,-0.0]},"firstperson_lefthand":{"rotation":[0.0,-0.0,-0.0]},"fixed":{"rotation":[0.0,0.0,0.0]},"ground":{"rotation":[0.0,0.0,0.0]},"thirdperson_righthand":{"rotation":[0.0,0.0,0.0]},"gui":{"rotation":[-150.0,-45.0,180.0]}}}