{"textures":{"1":"modelengine:entity/s2","particle":"#1"},"elements":[{"from":[8.04656,8.01552,7.91061],"to":[8.32592,8.3880005,8.0894],"faces":{"south":{"uv":[11.936001,0.8,11.360001,3.2],"tintindex":0,"rotation":0,"texture":"#1"},"north":{"uv":[11.360001,0.8,11.936001,3.2],"tintindex":0,"rotation":0,"texture":"#1"},"up":{"uv":[11.936001,0.8,11.360001,0.0],"tintindex":0,"rotation":0,"texture":"#1"},"down":{"uv":[11.936001,4.0,11.360001,3.2],"tintindex":0,"rotation":0,"texture":"#1"}}}],"display":{"head":{"rotation":[0.0,0.0,0.0]},"firstperson_righthand":{"rotation":[0.0,0.0,0.0]},"thirdperson_lefthand":{"rotation":[0.0,-0.0,-0.0]},"firstperson_lefthand":{"rotation":[0.0,-0.0,-0.0]},"fixed":{"rotation":[0.0,0.0,0.0]},"ground":{"rotation":[0.0,0.0,0.0]},"thirdperson_righthand":{"rotation":[0.0,0.0,0.0]},"gui":{"rotation":[-150.0,-45.0,180.0]}}}