{"textures":{"1":"modelengine:entity/s2","particle":"#1"},"elements":[{"from":[8.3880005,8.40352,8.11175],"to":[7.612,8.0,7.88826],"faces":{"east":{"uv":[0.0,12.3,0.016,12.35],"tintindex":0,"rotation":0,"texture":"#1"},"south":{"uv":[0.0,12.3,0.016,12.35],"tintindex":0,"rotation":0,"texture":"#1"},"north":{"uv":[0.0,12.3,0.016,12.35],"tintindex":0,"rotation":0,"texture":"#1"},"west":{"uv":[0.0,12.3,0.016,12.35],"tintindex":0,"rotation":0,"texture":"#1"},"up":{"uv":[0.0,12.3,0.016,12.35],"tintindex":0,"rotation":0,"texture":"#1"},"down":{"uv":[0.0,12.3,0.016,12.35],"tintindex":0,"rotation":0,"texture":"#1"}}}],"display":{"head":{"rotation":[0.0,0.0,0.0]},"firstperson_righthand":{"rotation":[0.0,0.0,0.0]},"thirdperson_lefthand":{"rotation":[0.0,-0.0,-0.0]},"firstperson_lefthand":{"rotation":[0.0,-0.0,-0.0]},"fixed":{"rotation":[0.0,0.0,0.0]},"ground":{"rotation":[0.0,0.0,0.0]},"thirdperson_righthand":{"rotation":[0.0,0.0,0.0]},"gui":{"rotation":[-150.0,-45.0,180.0]}}}