{"textures":{"0":"modelengine:entity/welcome","particle":"#0"},"elements":[{"from":[6.19311,8.02151,7.8761],"to":[6.3221703,8.537769,8.1239],"faces":{"south":{"uv":[15.808001,0.8,15.616001,3.2],"tintindex":0,"rotation":0,"texture":"#0"},"north":{"uv":[15.616001,0.8,15.808001,3.2],"tintindex":0,"rotation":0,"texture":"#0"},"up":{"uv":[15.808001,0.8,15.616001,0.0],"tintindex":0,"rotation":0,"texture":"#0"},"down":{"uv":[15.808001,4.0,15.616001,3.2],"tintindex":0,"rotation":0,"texture":"#0"}}}],"display":{"head":{"rotation":[0.0,0.0,0.0]},"firstperson_righthand":{"rotation":[0.0,0.0,0.0]},"thirdperson_lefthand":{"rotation":[0.0,-0.0,-0.0]},"firstperson_lefthand":{"rotation":[0.0,-0.0,-0.0]},"fixed":{"rotation":[0.0,0.0,0.0]},"ground":{"rotation":[0.0,0.0,0.0]},"thirdperson_righthand":{"rotation":[0.0,0.0,0.0]},"gui":{"rotation":[-150.0,-45.0,180.0]}}}