{"textures":{"0":"modelengine:entity/welcome","particle":"#0"},"elements":[{"from":[6.06404,8.02151,7.8761],"to":[6.19311,8.537769,8.1239],"faces":{"south":{"uv":[12.288,4.9,12.096001,7.3],"tintindex":0,"rotation":0,"texture":"#0"},"north":{"uv":[12.096001,4.9,12.288,7.3],"tintindex":0,"rotation":0,"texture":"#0"},"up":{"uv":[12.288,4.9,12.096001,4.1],"tintindex":0,"rotation":0,"texture":"#0"},"down":{"uv":[12.288,8.1,12.096001,7.3],"tintindex":0,"rotation":0,"texture":"#0"}}}],"display":{"head":{"rotation":[0.0,0.0,0.0]},"firstperson_righthand":{"rotation":[0.0,0.0,0.0]},"thirdperson_lefthand":{"rotation":[0.0,-0.0,-0.0]},"firstperson_lefthand":{"rotation":[0.0,-0.0,-0.0]},"fixed":{"rotation":[0.0,0.0,0.0]},"ground":{"rotation":[0.0,0.0,0.0]},"thirdperson_righthand":{"rotation":[0.0,0.0,0.0]},"gui":{"rotation":[-150.0,-45.0,180.0]}}}