{"textures":{"4":"modelengine:entity/sword","particle":"#4"},"elements":[{"from":[8.0,9.06927,8.11457],"to":[7.6181197,8.68739,7.88544],"faces":{"east":{"uv":[0.8,12.923072,0.0,16.0],"tintindex":0,"rotation":0,"texture":"#4"},"south":{"uv":[0.8,12.923072,4.8,16.0],"tintindex":0,"rotation":0,"texture":"#4"},"north":{"uv":[4.8,12.923072,0.8,16.0],"tintindex":0,"rotation":0,"texture":"#4"},"west":{"uv":[0.8,16.0,0.0,12.923072],"tintindex":0,"rotation":0,"texture":"#4"},"up":{"uv":[4.8,12.923083,0.8,12.307693],"tintindex":0,"rotation":0,"texture":"#4"},"down":{"uv":[0.8,12.923083,4.8,12.307693],"tintindex":0,"rotation":0,"texture":"#4"}}},{"from":[7.84725,9.22202,8.11457],"to":[7.4653697,8.84014,7.88544],"faces":{"east":{"uv":[0.8,12.923072,0.0,16.0],"tintindex":0,"rotation":0,"texture":"#4"},"south":{"uv":[0.8,12.923072,4.8,16.0],"tintindex":0,"rotation":0,"texture":"#4"},"north":{"uv":[4.8,12.923072,0.8,16.0],"tintindex":0,"rotation":0,"texture":"#4"},"west":{"uv":[0.8,16.0,0.0,12.923072],"tintindex":0,"rotation":0,"texture":"#4"},"up":{"uv":[4.8,12.923083,0.8,12.307693],"tintindex":0,"rotation":0,"texture":"#4"},"down":{"uv":[0.8,12.923083,4.8,12.307693],"tintindex":0,"rotation":0,"texture":"#4"}}},{"from":[8.45826,8.53463,8.11457],"to":[8.15276,8.22913,7.88544],"faces":{"south":{"uv":[4.0,15.384622,0.8,12.923083],"tintindex":0,"rotation":0,"texture":"#4"},"north":{"uv":[0.8,15.384622,4.0,12.923083],"tintindex":0,"rotation":0,"texture":"#4"},"west":{"uv":[0.0,15.384622,0.8,12.923072],"tintindex":0,"rotation":0,"texture":"#4"},"up":{"uv":[4.0,12.307693,0.8,12.923083],"tintindex":0,"rotation":0,"texture":"#4"}}},{"from":[8.30551,8.53463,7.96182],"to":[8.38188,8.84014,8.03819],"faces":{"east":{"uv":[2.4,4.3076925,3.2,6.769231],"tintindex":0,"rotation":0,"texture":"#4"},"south":{"uv":[3.2,4.3076925,2.4,6.769231],"tintindex":0,"rotation":0,"texture":"#4"},"north":{"uv":[2.4,4.3076925,3.2,6.769231],"tintindex":0,"rotation":0,"texture":"#4"},"west":{"uv":[2.4,4.3076925,3.2,6.769231],"tintindex":0,"rotation":0,"texture":"#4"},"up":{"uv":[3.2,0.6153908,2.4,0.0],"tintindex":0,"rotation":0,"texture":"#4"},"down":{"uv":[16.0,11.076918,15.2,10.461539],"tintindex":0,"rotation":0,"texture":"#4"}}},{"from":[8.534639,8.45826,8.11457],"to":[8.229139,8.15275,7.88544],"faces":{"east":{"uv":[0.0,12.923072,0.8,15.384622],"tintindex":0,"rotation":0,"texture":"#4"},"south":{"uv":[4.0,15.384622,0.8,12.923083],"tintindex":0,"rotation":0,"texture":"#4"},"north":{"uv":[0.8,15.384622,4.0,12.923083],"tintindex":0,"rotation":0,"texture":"#4"},"west":{"uv":[0.0,15.384622,0.8,12.923072],"tintindex":0,"rotation":0,"texture":"#4"},"up":{"uv":[4.0,12.307693,0.8,12.923083],"tintindex":0,"rotation":0,"texture":"#4"},"down":{"uv":[0.8,12.307693,4.0,12.923083],"tintindex":0,"rotation":0,"texture":"#4"}}},{"from":[7.84725,8.22913,7.96182],"to":[7.9236298,8.38188,8.03819],"faces":{"south":{"uv":[8.0,8.0,7.2000003,9.230769],"tintindex":0,"rotation":0,"texture":"#4"},"north":{"uv":[7.2000003,8.0,8.0,9.230769],"tintindex":0,"rotation":0,"texture":"#4"},"west":{"uv":[7.2000003,8.0,8.0,9.230769],"tintindex":0,"rotation":0,"texture":"#4"},"up":{"uv":[16.0,0.6153785,15.2,0.0],"tintindex":0,"rotation":0,"texture":"#4"},"down":{"uv":[8.0,11.076918,7.2000003,10.461539],"tintindex":0,"rotation":0,"texture":"#4"}}},{"from":[7.4653697,8.99289,7.96182],"to":[7.54175,9.2984,8.03819],"faces":{"east":{"uv":[11.2,0.6153908,12.0,3.0769231],"tintindex":0,"rotation":0,"texture":"#4"},"south":{"uv":[12.0,0.6153908,11.2,3.0769231],"tintindex":0,"rotation":0,"texture":"#4"},"north":{"uv":[11.2,0.6153908,12.0,3.0769231],"tintindex":0,"rotation":0,"texture":"#4"},"west":{"uv":[11.2,0.6153908,12.0,3.0769231],"tintindex":0,"rotation":0,"texture":"#4"},"up":{"uv":[12.0,0.6153908,11.2,0.0],"tintindex":0,"rotation":0,"texture":"#4"},"down":{"uv":[12.0,11.076918,11.2,10.461539],"tintindex":0,"rotation":0,"texture":"#4"}}},{"from":[7.6945,8.76377,7.96182],"to":[7.7708697,9.14565,8.03819],"faces":{"east":{"uv":[8.8,1.8461478,9.6,4.923071],"tintindex":0,"rotation":0,"texture":"#4"},"south":{"uv":[9.6,1.8461478,8.8,4.923071],"tintindex":0,"rotation":0,"texture":"#4"},"north":{"uv":[8.8,1.8461478,9.6,4.923071],"tintindex":0,"rotation":0,"texture":"#4"},"west":{"uv":[8.8,1.8461478,9.6,4.923071],"tintindex":0,"rotation":0,"texture":"#4"},"up":{"uv":[9.6,0.6153908,8.8,0.0],"tintindex":0,"rotation":0,"texture":"#4"},"down":{"uv":[9.6,11.076918,8.8,10.461539],"tintindex":0,"rotation":0,"texture":"#4"}}},{"from":[8.229139,8.3055,7.96182],"to":[8.30551,8.76377,8.03819],"faces":{"east":{"uv":[3.2,4.923071,4.0,8.615379],"tintindex":0,"rotation":0,"texture":"#4"},"south":{"uv":[4.0,4.923071,3.2,8.615379],"tintindex":0,"rotation":0,"texture":"#4"},"north":{"uv":[3.2,4.923071,4.0,8.615379],"tintindex":0,"rotation":0,"texture":"#4"},"west":{"uv":[3.2,4.923071,4.0,8.615379],"tintindex":0,"rotation":0,"texture":"#4"},"up":{"uv":[4.0,0.6153908,3.2,0.0],"tintindex":0,"rotation":0,"texture":"#4"},"down":{"uv":[4.0,11.076918,3.2,10.461539],"tintindex":0,"rotation":0,"texture":"#4"}}},{"from":[7.9236298,9.14565,8.11457],"to":[7.54175,8.76377,7.88544],"faces":{"east":{"uv":[0.8,12.923072,0.0,16.0],"tintindex":0,"rotation":0,"texture":"#4"},"south":{"uv":[0.8,12.923072,4.8,16.0],"tintindex":0,"rotation":0,"texture":"#4"},"north":{"uv":[4.8,12.923072,0.8,16.0],"tintindex":0,"rotation":0,"texture":"#4"},"west":{"uv":[0.8,16.0,0.0,12.923072],"tintindex":0,"rotation":0,"texture":"#4"},"up":{"uv":[4.8,12.923083,0.8,12.307693],"tintindex":0,"rotation":0,"texture":"#4"},"down":{"uv":[0.8,12.923083,4.8,12.307693],"tintindex":0,"rotation":0,"texture":"#4"}}},{"from":[7.7708697,9.2984,8.11457],"to":[7.38899,8.91651,7.88544],"faces":{"east":{"uv":[0.8,12.923072,0.0,16.0],"tintindex":0,"rotation":0,"texture":"#4"},"south":{"uv":[0.8,12.923072,4.8,16.0],"tintindex":0,"rotation":0,"texture":"#4"},"north":{"uv":[4.8,12.923072,0.8,16.0],"tintindex":0,"rotation":0,"texture":"#4"},"west":{"uv":[0.8,16.0,0.0,12.923072],"tintindex":0,"rotation":0,"texture":"#4"},"up":{"uv":[4.8,12.923083,0.8,12.307693],"tintindex":0,"rotation":0,"texture":"#4"},"down":{"uv":[0.8,12.923083,4.8,12.307693],"tintindex":0,"rotation":0,"texture":"#4"}}},{"from":[7.38899,9.06927,7.96182],"to":[7.4653697,9.2984,8.03819],"faces":{"east":{"uv":[12.0,0.6153908,12.8,2.4615386],"tintindex":0,"rotation":0,"texture":"#4"},"south":{"uv":[12.8,0.6153908,12.0,2.4615386],"tintindex":0,"rotation":0,"texture":"#4"},"north":{"uv":[12.0,0.6153908,12.8,2.4615386],"tintindex":0,"rotation":0,"texture":"#4"},"west":{"uv":[12.0,0.6153908,12.8,2.4615386],"tintindex":0,"rotation":0,"texture":"#4"},"up":{"uv":[12.8,0.6153908,12.0,0.0],"tintindex":0,"rotation":0,"texture":"#4"},"down":{"uv":[12.8,11.076918,12.0,10.461539],"tintindex":0,"rotation":0,"texture":"#4"}}},{"from":[8.30551,8.22913,7.96182],"to":[8.38188,8.45826,8.03819],"faces":{"east":{"uv":[2.4,7.3846216,3.2,9.230769],"tintindex":0,"rotation":0,"texture":"#4"},"south":{"uv":[3.2,7.3846216,2.4,9.230769],"tintindex":0,"rotation":0,"texture":"#4"},"north":{"uv":[2.4,7.3846216,3.2,9.230769],"tintindex":0,"rotation":0,"texture":"#4"},"west":{"uv":[2.4,7.3846216,3.2,9.230769],"tintindex":0,"rotation":0,"texture":"#4"},"up":{"uv":[14.400001,0.6153908,13.6,0.0],"tintindex":0,"rotation":0,"texture":"#4"},"down":{"uv":[3.2,11.076918,2.4,10.461539],"tintindex":0,"rotation":0,"texture":"#4"}}},{"from":[7.54175,8.91651,7.96182],"to":[7.6181197,9.2984,8.03819],"faces":{"east":{"uv":[10.400001,0.6153908,11.2,3.692308],"tintindex":0,"rotation":0,"texture":"#4"},"south":{"uv":[11.2,0.6153908,10.400001,3.692308],"tintindex":0,"rotation":0,"texture":"#4"},"north":{"uv":[10.400001,0.6153908,11.2,3.692308],"tintindex":0,"rotation":0,"texture":"#4"},"west":{"uv":[10.400001,0.6153908,11.2,3.692308],"tintindex":0,"rotation":0,"texture":"#4"},"up":{"uv":[11.2,0.6153908,10.400001,0.0],"tintindex":0,"rotation":0,"texture":"#4"},"down":{"uv":[11.2,11.076918,10.400001,10.461539],"tintindex":0,"rotation":0,"texture":"#4"}}},{"from":[8.07638,8.99289,8.11457],"to":[7.6945,8.61101,7.88544],"faces":{"east":{"uv":[0.8,12.923072,0.0,16.0],"tintindex":0,"rotation":0,"texture":"#4"},"south":{"uv":[0.8,12.923072,4.8,16.0],"tintindex":0,"rotation":0,"texture":"#4"},"north":{"uv":[4.8,12.923072,0.8,16.0],"tintindex":0,"rotation":0,"texture":"#4"},"west":{"uv":[0.8,16.0,0.0,12.923072],"tintindex":0,"rotation":0,"texture":"#4"},"up":{"uv":[4.8,12.923083,0.8,12.307693],"tintindex":0,"rotation":0,"texture":"#4"},"down":{"uv":[0.8,12.923083,4.8,12.307693],"tintindex":0,"rotation":0,"texture":"#4"}}},{"from":[7.84725,8.61101,7.96182],"to":[7.9236298,8.99289,8.03819],"faces":{"east":{"uv":[7.2000003,3.0769231,8.0,6.1538525],"tintindex":0,"rotation":0,"texture":"#4"},"south":{"uv":[8.0,3.0769231,7.2000003,6.1538525],"tintindex":0,"rotation":0,"texture":"#4"},"north":{"uv":[7.2000003,3.0769231,8.0,6.1538525],"tintindex":0,"rotation":0,"texture":"#4"},"west":{"uv":[7.2000003,3.0769231,8.0,6.1538525],"tintindex":0,"rotation":0,"texture":"#4"},"up":{"uv":[8.0,0.6153908,7.2000003,0.0],"tintindex":0,"rotation":0,"texture":"#4"},"down":{"uv":[14.400001,11.076918,13.6,10.461539],"tintindex":0,"rotation":0,"texture":"#4"}}},{"from":[8.15276,8.38188,7.96182],"to":[8.229139,8.68739,8.03819],"faces":{"south":{"uv":[4.8,5.5384617,4.0,8.0],"tintindex":0,"rotation":0,"texture":"#4"},"north":{"uv":[4.0,5.5384617,4.8,8.0],"tintindex":0,"rotation":0,"texture":"#4"},"up":{"uv":[4.8,0.6153908,4.0,0.0],"tintindex":0,"rotation":0,"texture":"#4"},"down":{"uv":[4.8,11.076918,4.0,10.461539],"tintindex":0,"rotation":0,"texture":"#4"}}},{"from":[8.07638,8.45826,8.11457],"to":[7.7708697,8.15275,7.88544],"faces":{"east":{"uv":[0.8,12.923083,0.0,12.307693],"tintindex":0,"rotation":0,"texture":"#4"},"south":{"uv":[0.8,12.923083,0.0,12.307693],"tintindex":0,"rotation":0,"texture":"#4"},"north":{"uv":[0.8,12.923083,0.0,12.307693],"tintindex":0,"rotation":0,"texture":"#4"},"west":{"uv":[0.8,12.923072,0.0,15.384622],"tintindex":0,"rotation":0,"texture":"#4"},"up":{"uv":[0.8,12.923083,0.0,12.307693],"tintindex":0,"rotation":0,"texture":"#4"},"down":{"uv":[4.000008,12.923083,0.8,12.307693],"tintindex":0,"rotation":0,"texture":"#4"}}},{"from":[8.15276,8.91651,8.11457],"to":[7.7708697,8.53463,7.88544],"faces":{"east":{"uv":[0.8,12.923072,0.0,16.0],"tintindex":0,"rotation":0,"texture":"#4"},"south":{"uv":[0.8,12.923072,4.8,16.0],"tintindex":0,"rotation":0,"texture":"#4"},"north":{"uv":[4.8,12.923072,0.8,16.0],"tintindex":0,"rotation":0,"texture":"#4"},"west":{"uv":[0.8,16.0,0.0,12.923072],"tintindex":0,"rotation":0,"texture":"#4"},"up":{"uv":[4.8,12.923083,0.8,12.307693],"tintindex":0,"rotation":0,"texture":"#4"},"down":{"uv":[0.8,12.923083,4.8,12.307693],"tintindex":0,"rotation":0,"texture":"#4"}}},{"from":[7.6945,9.37478,8.11457],"to":[7.3126097,8.99289,7.88544],"faces":{"east":{"uv":[0.8,12.923083,0.0,12.307693],"tintindex":0,"rotation":0,"texture":"#4"},"south":{"uv":[0.8,12.923083,0.0,12.307693],"tintindex":0,"rotation":0,"texture":"#4"},"north":{"uv":[0.8,12.923083,0.0,12.307693],"tintindex":0,"rotation":0,"texture":"#4"},"west":{"uv":[0.8,16.0,0.0,12.923072],"tintindex":0,"rotation":0,"texture":"#4"},"up":{"uv":[4.8,12.923083,0.8,12.307693],"tintindex":0,"rotation":0,"texture":"#4"},"down":{"uv":[0.8,12.923083,0.0,12.307693],"tintindex":0,"rotation":0,"texture":"#4"}}},{"from":[8.0,8.3055,7.96182],"to":[8.07638,8.84014,8.03819],"faces":{"east":{"uv":[5.6,4.3076987,6.4,8.615379],"tintindex":0,"rotation":0,"texture":"#4"},"south":{"uv":[6.4,4.3076987,5.6,8.615379],"tintindex":0,"rotation":0,"texture":"#4"},"north":{"uv":[5.6,4.3076987,6.4,8.615379],"tintindex":0,"rotation":0,"texture":"#4"},"west":{"uv":[5.6,4.3076987,6.4,8.615379],"tintindex":0,"rotation":0,"texture":"#4"},"up":{"uv":[6.4,0.6153908,5.6,0.0],"tintindex":0,"rotation":0,"texture":"#4"},"down":{"uv":[6.4,11.076918,5.6,10.461539],"tintindex":0,"rotation":0,"texture":"#4"}}},{"from":[8.38188,8.68739,7.96182],"to":[8.45826,8.84014,8.03819],"faces":{"east":{"uv":[1.6,4.3076987,2.4,5.5384617],"tintindex":0,"rotation":0,"texture":"#4"},"south":{"uv":[2.4,4.3076987,1.6,5.5384617],"tintindex":0,"rotation":0,"texture":"#4"},"north":{"uv":[1.6,4.3076987,2.4,5.5384617],"tintindex":0,"rotation":0,"texture":"#4"},"up":{"uv":[2.4,0.6153908,1.6,0.0],"tintindex":0,"rotation":0,"texture":"#4"},"down":{"uv":[15.2,11.076918,14.400001,10.461533],"tintindex":0,"rotation":0,"texture":"#4"}}},{"from":[8.38188,8.07638,7.96182],"to":[8.45826,8.38188,8.03819],"faces":{"east":{"uv":[1.6,8.0,2.4,10.461539],"tintindex":0,"rotation":0,"texture":"#4"},"south":{"uv":[2.4,8.0,1.6,10.461539],"tintindex":0,"rotation":0,"texture":"#4"},"north":{"uv":[1.6,8.0,2.4,10.461539],"tintindex":0,"rotation":0,"texture":"#4"},"west":{"uv":[1.6,8.0,2.4,10.461539],"tintindex":0,"rotation":0,"texture":"#4"},"up":{"uv":[13.6,0.6153908,12.8,0.0],"tintindex":0,"rotation":0,"texture":"#4"},"down":{"uv":[2.4,11.076918,1.6,10.461539],"tintindex":0,"rotation":0,"texture":"#4"}}},{"from":[8.45826,8.61101,8.11457],"to":[8.07638,8.22913,7.88544],"faces":{"south":{"uv":[2.4,16.0,6.4,12.923072],"tintindex":0,"rotation":0,"texture":"#4"},"north":{"uv":[6.4,16.0,2.4,12.923072],"tintindex":0,"rotation":0,"texture":"#4"},"west":{"uv":[0.0,16.0,0.8,12.923072],"tintindex":0,"rotation":0,"texture":"#4"},"up":{"uv":[4.8,12.307693,0.8,12.923083],"tintindex":0,"rotation":0,"texture":"#4"}}},{"from":[8.229139,8.84014,8.11457],"to":[7.84725,8.45826,7.88544],"faces":{"east":{"uv":[0.8,12.923072,0.0,16.0],"tintindex":0,"rotation":0,"texture":"#4"},"south":{"uv":[0.8,12.923072,4.8,16.0],"tintindex":0,"rotation":0,"texture":"#4"},"north":{"uv":[4.8,12.923072,0.8,16.0],"tintindex":0,"rotation":0,"texture":"#4"},"down":{"uv":[0.8,12.923083,4.8,12.307693],"tintindex":0,"rotation":0,"texture":"#4"}}},{"from":[8.534639,8.91651,8.11457],"to":[8.229139,8.61101,7.88544],"faces":{"east":{"uv":[0.0,15.384622,0.8,12.923072],"tintindex":0,"rotation":0,"texture":"#4"},"south":{"uv":[0.0,12.307693,0.8,12.923083],"tintindex":0,"rotation":0,"texture":"#4"},"north":{"uv":[0.0,12.307693,0.8,12.923083],"tintindex":0,"rotation":0,"texture":"#4"},"west":{"uv":[0.0,12.307693,0.8,12.923083],"tintindex":0,"rotation":0,"texture":"#4"},"up":{"uv":[0.8,12.307693,4.000008,12.923083],"tintindex":0,"rotation":0,"texture":"#4"},"down":{"uv":[0.0,12.307693,0.8,12.923083],"tintindex":0,"rotation":0,"texture":"#4"}}},{"from":[7.9236298,8.22913,7.96182],"to":[8.0,8.45826,8.03819],"faces":{"east":{"uv":[6.4,7.3846216,7.2000003,9.230769],"tintindex":0,"rotation":0,"texture":"#4"},"south":{"uv":[7.2000003,7.3846216,6.4,9.230769],"tintindex":0,"rotation":0,"texture":"#4"},"north":{"uv":[6.4,7.3846216,7.2000003,9.230769],"tintindex":0,"rotation":0,"texture":"#4"},"west":{"uv":[6.4,7.3846216,7.2000003,9.230769],"tintindex":0,"rotation":0,"texture":"#4"},"up":{"uv":[15.2,0.6153785,14.400001,0.0],"tintindex":0,"rotation":0,"texture":"#4"},"down":{"uv":[7.2000003,11.076918,6.4,10.461539],"tintindex":0,"rotation":0,"texture":"#4"}}},{"from":[8.45826,8.07638,7.96182],"to":[8.611019,8.3055,8.03819],"faces":{"east":{"uv":[0.0,8.615379,0.8,10.461539],"tintindex":0,"rotation":0,"texture":"#4"},"south":{"uv":[1.6,8.615379,0.0,10.461539],"tintindex":0,"rotation":0,"texture":"#4"},"north":{"uv":[0.0,8.615379,1.6,10.461539],"tintindex":0,"rotation":0,"texture":"#4"},"up":{"uv":[1.6,0.6153908,0.0,0.0],"tintindex":0,"rotation":0,"texture":"#4"},"down":{"uv":[1.6,11.076918,0.0,10.461539],"tintindex":0,"rotation":0,"texture":"#4"}}},{"from":[7.9236298,8.53463,7.96182],"to":[8.0,8.91651,8.03819],"faces":{"east":{"uv":[6.4,3.692308,7.2000003,6.769231],"tintindex":0,"rotation":0,"texture":"#4"},"south":{"uv":[7.2000003,3.692308,6.4,6.769231],"tintindex":0,"rotation":0,"texture":"#4"},"north":{"uv":[6.4,3.692308,7.2000003,6.769231],"tintindex":0,"rotation":0,"texture":"#4"},"west":{"uv":[6.4,3.692308,7.2000003,6.769231],"tintindex":0,"rotation":0,"texture":"#4"},"up":{"uv":[7.2000003,0.6153908,6.4,0.0],"tintindex":0,"rotation":0,"texture":"#4"},"down":{"uv":[13.6,11.076918,12.8,10.461539],"tintindex":0,"rotation":0,"texture":"#4"}}},{"from":[8.07638,8.3055,7.96182],"to":[8.15276,8.76377,8.03819],"faces":{"east":{"uv":[4.8,4.923071,5.6,8.615379],"tintindex":0,"rotation":0,"texture":"#4"},"south":{"uv":[5.6,4.923071,4.8,8.615379],"tintindex":0,"rotation":0,"texture":"#4"},"north":{"uv":[4.8,4.923071,5.6,8.615379],"tintindex":0,"rotation":0,"texture":"#4"},"up":{"uv":[5.6,0.6153908,4.8,0.0],"tintindex":0,"rotation":0,"texture":"#4"},"down":{"uv":[5.6,11.076918,4.8,10.461539],"tintindex":0,"rotation":0,"texture":"#4"}}},{"from":[8.687389,8.38188,8.11457],"to":[8.30551,8.0,7.88544],"faces":{"east":{"uv":[0.0,12.307693,0.8,15.384622],"tintindex":0,"rotation":0,"texture":"#4"},"south":{"uv":[0.0,12.307693,0.8,12.923083],"tintindex":0,"rotation":0,"texture":"#4"},"north":{"uv":[0.0,12.307693,0.8,12.923083],"tintindex":0,"rotation":0,"texture":"#4"},"west":{"uv":[0.0,12.307693,0.8,12.923083],"tintindex":0,"rotation":0,"texture":"#4"},"up":{"uv":[0.0,12.307693,0.8,12.923083],"tintindex":0,"rotation":0,"texture":"#4"},"down":{"uv":[0.0,12.307693,4.0,12.923083],"tintindex":0,"rotation":0,"texture":"#4"}}},{"from":[7.6181197,8.84014,7.96182],"to":[7.6945,9.22202,8.03819],"faces":{"east":{"uv":[9.6,1.2307693,10.400001,4.3076987],"tintindex":0,"rotation":0,"texture":"#4"},"south":{"uv":[10.400001,1.2307693,9.6,4.3076987],"tintindex":0,"rotation":0,"texture":"#4"},"north":{"uv":[9.6,1.2307693,10.400001,4.3076925],"tintindex":0,"rotation":0,"texture":"#4"},"west":{"uv":[9.6,1.2307693,10.400001,4.3076987],"tintindex":0,"rotation":0,"texture":"#4"},"up":{"uv":[10.400001,0.6153908,9.6,0.0],"tintindex":0,"rotation":0,"texture":"#4"},"down":{"uv":[10.400001,11.076918,9.6,10.461539],"tintindex":0,"rotation":0,"texture":"#4"}}},{"from":[7.7708697,8.68739,7.96182],"to":[7.84725,9.06927,8.03819],"faces":{"east":{"uv":[8.0,2.4615386,8.8,5.5384617],"tintindex":0,"rotation":0,"texture":"#4"},"south":{"uv":[8.8,2.4615386,8.0,5.5384617],"tintindex":0,"rotation":0,"texture":"#4"},"north":{"uv":[8.0,2.4615386,8.8,5.5384617],"tintindex":0,"rotation":0,"texture":"#4"},"west":{"uv":[8.0,2.4615386,8.8,5.5384617],"tintindex":0,"rotation":0,"texture":"#4"},"up":{"uv":[8.8,0.6153908,8.0,0.0],"tintindex":0,"rotation":0,"texture":"#4"},"down":{"uv":[8.8,11.076918,8.0,10.461539],"tintindex":0,"rotation":0,"texture":"#4"}}}],"display":{"head":{"rotation":[0.0,0.0,0.0]},"firstperson_righthand":{"rotation":[0.0,0.0,0.0]},"thirdperson_lefthand":{"rotation":[0.0,-0.0,-0.0]},"firstperson_lefthand":{"rotation":[0.0,-0.0,-0.0]},"fixed":{"rotation":[0.0,0.0,0.0]},"ground":{"rotation":[0.0,0.0,0.0]},"thirdperson_righthand":{"rotation":[0.0,0.0,0.0]},"gui":{"rotation":[-150.0,-45.0,180.0]}}}