{"textures":{"3":"modelengine:entity/valooria","particle":"#3"},"elements":[{"from":[13.68933,7.82221,8.76433],"to":[2.31068,5.51092,7.23567],"faces":{"east":{"uv":[0.0,12.3,0.016,12.35],"tintindex":0,"rotation":0,"texture":"#3"},"south":{"uv":[0.0,12.3,0.016,12.35],"tintindex":0,"rotation":0,"texture":"#3"},"north":{"uv":[0.0,12.3,0.016,12.35],"tintindex":0,"rotation":0,"texture":"#3"},"west":{"uv":[0.0,12.3,0.016,12.35],"tintindex":0,"rotation":0,"texture":"#3"},"up":{"uv":[0.0,12.3,0.016,12.35],"tintindex":0,"rotation":0,"texture":"#3"},"down":{"uv":[0.0,12.3,0.016,12.35],"tintindex":0,"rotation":0,"texture":"#3"}}}],"display":{"head":{"rotation":[0.0,0.0,0.0]},"firstperson_righthand":{"rotation":[0.0,0.0,0.0]},"thirdperson_lefthand":{"rotation":[0.0,-0.0,-0.0]},"firstperson_lefthand":{"rotation":[0.0,-0.0,-0.0]},"fixed":{"rotation":[0.0,0.0,0.0]},"ground":{"rotation":[0.0,0.0,0.0]},"thirdperson_righthand":{"rotation":[0.0,0.0,0.0]},"gui":{"rotation":[-150.0,-45.0,180.0]}}}