{"textures":{"0":"modelengine:entity/welcome","particle":"#0"},"elements":[{"from":[10.02201,8.55928,8.15488],"to":[5.978,8.0,7.84512],"faces":{"east":{"uv":[0.0,12.3,0.016,12.35],"tintindex":0,"rotation":0,"texture":"#0"},"south":{"uv":[0.0,12.3,0.016,12.35],"tintindex":0,"rotation":0,"texture":"#0"},"north":{"uv":[0.0,12.3,0.016,12.35],"tintindex":0,"rotation":0,"texture":"#0"},"west":{"uv":[0.0,12.3,0.016,12.35],"tintindex":0,"rotation":0,"texture":"#0"},"up":{"uv":[0.0,12.3,0.016,12.35],"tintindex":0,"rotation":0,"texture":"#0"},"down":{"uv":[0.0,12.3,0.016,12.35],"tintindex":0,"rotation":0,"texture":"#0"}}}],"display":{"head":{"rotation":[0.0,0.0,0.0]},"firstperson_righthand":{"rotation":[0.0,0.0,0.0]},"thirdperson_lefthand":{"rotation":[0.0,-0.0,-0.0]},"firstperson_lefthand":{"rotation":[0.0,-0.0,-0.0]},"fixed":{"rotation":[0.0,0.0,0.0]},"ground":{"rotation":[0.0,0.0,0.0]},"thirdperson_righthand":{"rotation":[0.0,0.0,0.0]},"gui":{"rotation":[-150.0,-45.0,180.0]}}}