{"overrides":[{"predicate":{"custom_model_data":1},"model":"modelengine:lesgo/head2"},{"predicate":{"custom_model_data":2},"model":"modelengine:lesgo/open_terminator"},{"predicate":{"custom_model_data":3},"model":"modelengine:lesgo/body2"},{"predicate":{"custom_model_data":4},"model":"modelengine:lesgo/valoria"},{"predicate":{"custom_model_data":5},"model":"modelengine:lesgo/seasssson"},{"predicate":{"custom_model_data":6},"model":"modelengine:lesgo/dangit"},{"predicate":{"custom_model_data":7},"model":"modelengine:lesgo/close_terminator4"},{"predicate":{"custom_model_data":8},"model":"modelengine:lesgo/leason"},{"predicate":{"custom_model_data":9},"model":"modelengine:lesgo/open_terminator4"},{"predicate":{"custom_model_data":10},"model":"modelengine:lesgo/stop"},{"predicate":{"custom_model_data":11},"model":"modelengine:lesgo/e"},{"predicate":{"custom_model_data":12},"model":"modelengine:lesgo/space"},{"predicate":{"custom_model_data":13},"model":"modelengine:lesgo/space2"},{"predicate":{"custom_model_data":14},"model":"modelengine:lesgo/open_terminator3"},{"predicate":{"custom_model_data":15},"model":"modelengine:lesgo/e2"},{"predicate":{"custom_model_data":16},"model":"modelengine:lesgo/close_terminator3"},{"predicate":{"custom_model_data":17},"model":"modelengine:lesgo/t"},{"predicate":{"custom_model_data":18},"model":"modelengine:lesgo/o2"},{"predicate":{"custom_model_data":19},"model":"modelengine:lesgo/l3"},{"predicate":{"custom_model_data":20},"model":"modelengine:lesgo/w"},{"predicate":{"custom_model_data":21},"model":"modelengine:lesgo/m"},{"predicate":{"custom_model_data":22},"model":"modelengine:lesgo/c"},{"predicate":{"custom_model_data":23},"model":"modelengine:lesgo/left_arm"},{"predicate":{"custom_model_data":24},"model":"modelengine:lesgo/o3"},{"predicate":{"custom_model_data":25},"model":"modelengine:lesgo/l2"},{"predicate":{"custom_model_data":26},"model":"modelengine:lesgo/n"},{"predicate":{"custom_model_data":27},"model":"modelengine:lesgo/s"},{"predicate":{"custom_model_data":28},"model":"modelengine:lesgo/open_terminator2"},{"predicate":{"custom_model_data":29},"model":"modelengine:lesgo/a2"},{"predicate":{"custom_model_data":30},"model":"modelengine:lesgo/i2"},{"predicate":{"custom_model_data":31},"model":"modelengine:lesgo/close_terminator2"},{"predicate":{"custom_model_data":32},"model":"modelengine:lesgo/d"},{"predicate":{"custom_model_data":33},"model":"modelengine:lesgo/season"},{"predicate":{"custom_model_data":34},"model":"modelengine:lesgo/dungeons-skull"},{"predicate":{"custom_model_data":35},"model":"modelengine:lesgo/left_leg"},{"predicate":{"custom_model_data":36},"model":"modelengine:lesgo/welcome_to"},{"predicate":{"custom_model_data":37},"model":"modelengine:lesgo/sword"},{"predicate":{"custom_model_data":38},"model":"modelengine:lesgo/right_arm"},{"predicate":{"custom_model_data":39},"model":"modelengine:lesgo/right_leg"},{"predicate":{"custom_model_data":40},"model":"modelengine:lesgo/island"},{"predicate":{"custom_model_data":41},"model":"modelengine:lesgo/l"},{"predicate":{"custom_model_data":42},"model":"modelengine:lesgo/i"},{"predicate":{"custom_model_data":43},"model":"modelengine:lesgo/v"},{"predicate":{"custom_model_data":44},"model":"modelengine:lesgo/a"},{"predicate":{"custom_model_data":45},"model":"modelengine:lesgo/o"},{"predicate":{"custom_model_data":46},"model":"modelengine:lesgo/r"},{"predicate":{"custom_model_data":47},"model":"modelengine:lesgo/close_terminator"},{"predicate":{"custom_model_data":48},"model":"modelengine:lesgo/aa"},{"predicate":{"custom_model_data":53},"model":"modelengine:teleport/body_body"},{"predicate":{"custom_model_data":54},"model":"modelengine:teleport/larm_left_arm"},{"predicate":{"custom_model_data":55},"model":"modelengine:teleport/lleg_left_leg"},{"predicate":{"custom_model_data":56},"model":"modelengine:teleport/head_head"},{"predicate":{"custom_model_data":57},"model":"modelengine:teleport/rleg_right_leg"},{"predicate":{"custom_model_data":58},"model":"modelengine:teleport/arm_right_arm"},{"predicate":{"custom_model_data":59},"model":"modelengine:teleport/portal1"},{"predicate":{"custom_model_data":60},"model":"modelengine:teleport/portal2"},{"predicate":{"custom_model_data":61},"model":"modelengine:teleport/portal3"},{"predicate":{"custom_model_data":62},"model":"modelengine:teleport/portal4"},{"predicate":{"custom_model_data":65},"model":"modelengine:teleport/gofast"},{"predicate":{"custom_model_data":66},"model":"modelengine:teleport/lemmefinish"},{"predicate":{"custom_model_data":84},"model":"modelengine:jobs/untitled-3-2"},{"predicate":{"custom_model_data":85},"model":"modelengine:jobs/untitled-3-1"},{"predicate":{"custom_model_data":86},"model":"modelengine:jobs/anvil_replaceable"},{"predicate":{"custom_model_data":87},"model":"modelengine:jobs/sword_replaceable"},{"predicate":{"custom_model_data":88},"model":"modelengine:jobs/leftleg"},{"predicate":{"custom_model_data":89},"model":"modelengine:jobs/rightleg"},{"predicate":{"custom_model_data":90},"model":"modelengine:jobs/body"},{"predicate":{"custom_model_data":91},"model":"modelengine:jobs/leftarm"},{"predicate":{"custom_model_data":92},"model":"modelengine:jobs/head"},{"predicate":{"custom_model_data":93},"model":"modelengine:jobs/rightarm"},{"predicate":{"custom_model_data":94},"model":"modelengine:jobs/hammer_replaceable"},{"predicate":{"custom_model_data":95},"model":"modelengine:jobs/bone"}],"parent":"minecraft:item/generated","textures":{"layer0":"minecraft:item/leather_horse_armor"}}