{"textures":{"4":"modelengine:entity/dowagdiw","particle":"#4"},"elements":[{"from":[24.744244,17.89124,4.3852262],"to":[25.358438,18.543083,8.037653],"faces":{"east":{"uv":[14.375,7.25,14.40625,7.625],"tintindex":0,"rotation":0,"texture":"#4"},"south":{"uv":[14.0625,7.25,14.40625,7.625],"tintindex":0,"rotation":0,"texture":"#4"},"north":{"uv":[14.40625,7.25,14.0625,7.625],"tintindex":0,"rotation":0,"texture":"#4"},"west":{"uv":[14.0625,7.25,14.09375,7.625],"tintindex":0,"rotation":0,"texture":"#4"},"up":{"uv":[14.0625,7.25,14.40625,7.28125],"tintindex":0,"rotation":0,"texture":"#4"},"down":{"uv":[14.0625,7.59375,14.40625,7.625],"tintindex":0,"rotation":0,"texture":"#4"}}},{"from":[8.327153,15.594355,4.3852262],"to":[9.204924,17.14989,8.037653],"faces":{"east":{"uv":[0.96875,8.40625,1.0,9.53125],"tintindex":0,"rotation":0,"texture":"#4"},"south":{"uv":[0.4375,8.40625,1.0,9.53125],"tintindex":0,"rotation":0,"texture":"#4"},"north":{"uv":[1.0,8.40625,0.4375,9.53125],"tintindex":0,"rotation":0,"texture":"#4"},"west":{"uv":[0.4375,8.40625,0.46875,9.53125],"tintindex":0,"rotation":0,"texture":"#4"},"up":{"uv":[0.4375,8.40625,1.0,8.4375],"tintindex":0,"rotation":0,"texture":"#4"},"down":{"uv":[0.4375,9.5,1.0,9.53125],"tintindex":0,"rotation":0,"texture":"#4"}}},{"from":[19.585665,15.820277,4.3852262],"to":[20.463434,18.994932,8.037653],"faces":{"east":{"uv":[10.3125,6.875,10.34375,9.34375],"tintindex":0,"rotation":0,"texture":"#4"},"south":{"uv":[9.78125,6.875,10.34375,9.34375],"tintindex":0,"rotation":0,"texture":"#4"},"north":{"uv":[10.34375,6.875,9.78125,9.34375],"tintindex":0,"rotation":0,"texture":"#4"},"west":{"uv":[9.78125,6.875,9.8125,9.34375],"tintindex":0,"rotation":0,"texture":"#4"},"up":{"uv":[9.78125,6.875,10.34375,6.90625],"tintindex":0,"rotation":0,"texture":"#4"},"down":{"uv":[9.78125,9.3125,10.34375,9.34375],"tintindex":0,"rotation":0,"texture":"#4"}}},{"from":[25.647938,16.498045,4.3852262],"to":[26.525707,18.994932,8.037653],"faces":{"east":{"uv":[15.34375,6.875,15.375,8.78125],"tintindex":0,"rotation":0,"texture":"#4"},"south":{"uv":[14.8125,6.875,15.375,8.78125],"tintindex":0,"rotation":0,"texture":"#4"},"north":{"uv":[15.375,6.875,14.8125,8.78125],"tintindex":0,"rotation":0,"texture":"#4"},"west":{"uv":[14.8125,6.875,14.84375,8.78125],"tintindex":0,"rotation":0,"texture":"#4"},"up":{"uv":[14.8125,6.875,15.375,6.90625],"tintindex":0,"rotation":0,"texture":"#4"},"down":{"uv":[14.8125,8.75,15.375,8.78125],"tintindex":0,"rotation":0,"texture":"#4"}}},{"from":[20.527012,17.21347,4.3852262],"to":[21.404781,18.769009,8.037653],"faces":{"east":{"uv":[11.09375,7.0625,11.125,8.1875],"tintindex":0,"rotation":0,"texture":"#4"},"south":{"uv":[10.5625,7.0625,11.125,8.1875],"tintindex":0,"rotation":0,"texture":"#4"},"north":{"uv":[11.125,7.0625,10.5625,8.1875],"tintindex":0,"rotation":0,"texture":"#4"},"west":{"uv":[10.5625,7.0625,10.59375,8.1875],"tintindex":0,"rotation":0,"texture":"#4"},"up":{"uv":[10.5625,7.0625,11.125,7.09375],"tintindex":0,"rotation":0,"texture":"#4"},"down":{"uv":[10.5625,8.15625,11.125,8.1875],"tintindex":0,"rotation":0,"texture":"#4"}}},{"from":[20.263435,16.498045,4.3852262],"to":[20.501087,16.886314,8.037653],"faces":{"east":{"uv":[10.34375,8.625,10.375,8.78125],"tintindex":0,"rotation":0,"texture":"#4"},"south":{"uv":[10.34375,8.625,10.375,8.78125],"tintindex":0,"rotation":0,"texture":"#4"},"north":{"uv":[10.375,8.625,10.34375,8.78125],"tintindex":0,"rotation":0,"texture":"#4"},"west":{"uv":[10.34375,8.625,10.375,8.78125],"tintindex":0,"rotation":0,"texture":"#4"},"up":{"uv":[10.34375,8.625,10.375,8.65625],"tintindex":0,"rotation":0,"texture":"#4"},"down":{"uv":[10.34375,8.75,10.375,8.78125],"tintindex":0,"rotation":0,"texture":"#4"}}},{"from":[16.196815,16.498045,4.3852262],"to":[16.923967,17.14989,8.037653],"faces":{"east":{"uv":[7.375,8.40625,7.40625,8.78125],"tintindex":0,"rotation":0,"texture":"#4"},"south":{"uv":[6.96875,8.40625,7.40625,8.78125],"tintindex":0,"rotation":0,"texture":"#4"},"north":{"uv":[7.40625,8.40625,6.96875,8.78125],"tintindex":0,"rotation":0,"texture":"#4"},"west":{"uv":[6.96875,8.40625,7.0,8.78125],"tintindex":0,"rotation":0,"texture":"#4"},"up":{"uv":[6.96875,8.40625,7.40625,8.4375],"tintindex":0,"rotation":0,"texture":"#4"},"down":{"uv":[6.96875,8.75,7.40625,8.78125],"tintindex":0,"rotation":0,"texture":"#4"}}},{"from":[21.20478,18.15482,4.3852262],"to":[22.572052,18.769009,8.037653],"faces":{"east":{"uv":[12.0625,7.0625,12.09375,7.40625],"tintindex":0,"rotation":0,"texture":"#4"},"south":{"uv":[11.125,7.0625,12.09375,7.40625],"tintindex":0,"rotation":0,"texture":"#4"},"north":{"uv":[12.09375,7.0625,11.125,7.40625],"tintindex":0,"rotation":0,"texture":"#4"},"west":{"uv":[11.125,7.0625,11.15625,7.40625],"tintindex":0,"rotation":0,"texture":"#4"},"up":{"uv":[11.125,7.0625,12.09375,7.09375],"tintindex":0,"rotation":0,"texture":"#4"},"down":{"uv":[11.125,7.375,12.09375,7.40625],"tintindex":0,"rotation":0,"texture":"#4"}}},{"from":[24.744244,16.498045,4.3852262],"to":[25.622013,17.865314,8.037653],"faces":{"east":{"uv":[14.59375,7.8125,14.625,8.78125],"tintindex":0,"rotation":0,"texture":"#4"},"south":{"uv":[14.0625,7.8125,14.625,8.78125],"tintindex":0,"rotation":0,"texture":"#4"},"north":{"uv":[14.625,7.8125,14.0625,8.78125],"tintindex":0,"rotation":0,"texture":"#4"},"west":{"uv":[14.0625,7.8125,14.09375,8.78125],"tintindex":0,"rotation":0,"texture":"#4"},"up":{"uv":[14.0625,7.8125,14.625,7.84375],"tintindex":0,"rotation":0,"texture":"#4"},"down":{"uv":[14.0625,8.75,14.625,8.78125],"tintindex":0,"rotation":0,"texture":"#4"}}},{"from":[15.067198,16.498045,4.3852262],"to":[15.756698,16.7357,8.037653],"faces":{"east":{"uv":[6.40625,8.75,6.4375,8.78125],"tintindex":0,"rotation":0,"texture":"#4"},"south":{"uv":[6.03125,8.75,6.4375,8.78125],"tintindex":0,"rotation":0,"texture":"#4"},"north":{"uv":[6.4375,8.75,6.03125,8.78125],"tintindex":0,"rotation":0,"texture":"#4"},"west":{"uv":[6.03125,8.75,6.0625,8.78125],"tintindex":0,"rotation":0,"texture":"#4"},"up":{"uv":[6.03125,8.75,6.4375,8.78125],"tintindex":0,"rotation":0,"texture":"#4"},"down":{"uv":[6.03125,8.75,6.4375,8.78125],"tintindex":0,"rotation":0,"texture":"#4"}}},{"from":[9.720347,17.439394,4.3852262],"to":[11.087618,18.091238,8.037653],"faces":{"east":{"uv":[2.53125,7.625,2.5625,8.0],"tintindex":0,"rotation":0,"texture":"#4"},"south":{"uv":[1.59375,7.625,2.5625,8.0],"tintindex":0,"rotation":0,"texture":"#4"},"north":{"uv":[2.5625,7.625,1.59375,8.0],"tintindex":0,"rotation":0,"texture":"#4"},"west":{"uv":[1.59375,7.625,1.625,8.0],"tintindex":0,"rotation":0,"texture":"#4"},"up":{"uv":[1.59375,7.625,2.5625,7.65625],"tintindex":0,"rotation":0,"texture":"#4"},"down":{"uv":[1.59375,7.96875,2.5625,8.0],"tintindex":0,"rotation":0,"texture":"#4"}}},{"from":[10.887617,16.498045,4.3852262],"to":[11.577117,17.14989,8.037653],"faces":{"east":{"uv":[2.9375,8.40625,2.96875,8.78125],"tintindex":0,"rotation":0,"texture":"#4"},"south":{"uv":[2.5625,8.40625,2.96875,8.78125],"tintindex":0,"rotation":0,"texture":"#4"},"north":{"uv":[2.96875,8.40625,2.5625,8.78125],"tintindex":0,"rotation":0,"texture":"#4"},"west":{"uv":[2.5625,8.40625,2.59375,8.78125],"tintindex":0,"rotation":0,"texture":"#4"},"up":{"uv":[2.5625,8.40625,2.96875,8.4375],"tintindex":0,"rotation":0,"texture":"#4"},"down":{"uv":[2.5625,8.75,2.96875,8.78125],"tintindex":0,"rotation":0,"texture":"#4"}}},{"from":[12.95858,16.498045,4.3852262],"to":[13.874003,17.14989,8.037653],"faces":{"east":{"uv":[4.84375,8.40625,4.875,8.78125],"tintindex":0,"rotation":0,"texture":"#4"},"south":{"uv":[4.28125,8.40625,4.875,8.78125],"tintindex":0,"rotation":0,"texture":"#4"},"north":{"uv":[4.875,8.40625,4.28125,8.78125],"tintindex":0,"rotation":0,"texture":"#4"},"west":{"uv":[4.28125,8.40625,4.3125,8.78125],"tintindex":0,"rotation":0,"texture":"#4"},"up":{"uv":[4.28125,8.40625,4.875,8.4375],"tintindex":0,"rotation":0,"texture":"#4"},"down":{"uv":[4.28125,8.75,4.875,8.78125],"tintindex":0,"rotation":0,"texture":"#4"}}},{"from":[15.556697,16.498045,4.3852262],"to":[16.396814,18.994932,8.037653],"faces":{"east":{"uv":[6.9375,6.875,6.96875,8.78125],"tintindex":0,"rotation":0,"texture":"#4"},"south":{"uv":[6.4375,6.875,6.96875,8.78125],"tintindex":0,"rotation":0,"texture":"#4"},"north":{"uv":[6.96875,6.875,6.4375,8.78125],"tintindex":0,"rotation":0,"texture":"#4"},"west":{"uv":[6.4375,6.875,6.46875,8.78125],"tintindex":0,"rotation":0,"texture":"#4"},"up":{"uv":[6.4375,6.875,6.96875,6.90625],"tintindex":0,"rotation":0,"texture":"#4"},"down":{"uv":[6.4375,8.75,6.96875,8.78125],"tintindex":0,"rotation":0,"texture":"#4"}}},{"from":[21.20478,17.21347,4.3852262],"to":[21.894281,17.865314,8.037653],"faces":{"east":{"uv":[11.5,7.8125,11.53125,8.1875],"tintindex":0,"rotation":0,"texture":"#4"},"south":{"uv":[11.125,7.8125,11.53125,8.1875],"tintindex":0,"rotation":0,"texture":"#4"},"north":{"uv":[11.53125,7.8125,11.125,8.1875],"tintindex":0,"rotation":0,"texture":"#4"},"west":{"uv":[11.125,7.8125,11.15625,8.1875],"tintindex":0,"rotation":0,"texture":"#4"},"up":{"uv":[11.125,7.8125,11.53125,7.84375],"tintindex":0,"rotation":0,"texture":"#4"},"down":{"uv":[11.125,8.15625,11.53125,8.1875],"tintindex":0,"rotation":0,"texture":"#4"}}},{"from":[23.765245,16.498045,4.3852262],"to":[24.944244,17.14989,8.037653],"faces":{"east":{"uv":[14.03125,8.40625,14.0625,8.78125],"tintindex":0,"rotation":0,"texture":"#4"},"south":{"uv":[13.25,8.40625,14.0625,8.78125],"tintindex":0,"rotation":0,"texture":"#4"},"north":{"uv":[14.0625,8.40625,13.25,8.78125],"tintindex":0,"rotation":0,"texture":"#4"},"west":{"uv":[13.25,8.40625,13.28125,8.78125],"tintindex":0,"rotation":0,"texture":"#4"},"up":{"uv":[13.25,8.40625,14.0625,8.4375],"tintindex":0,"rotation":0,"texture":"#4"},"down":{"uv":[13.25,8.75,14.0625,8.78125],"tintindex":0,"rotation":0,"texture":"#4"}}},{"from":[20.790588,18.832588,4.3852262],"to":[21.404781,19.484432,8.037653],"faces":{"east":{"uv":[11.09375,6.46875,11.125,6.84375],"tintindex":0,"rotation":0,"texture":"#4"},"south":{"uv":[10.78125,6.46875,11.125,6.84375],"tintindex":0,"rotation":0,"texture":"#4"},"north":{"uv":[11.125,6.46875,10.78125,6.84375],"tintindex":0,"rotation":0,"texture":"#4"},"west":{"uv":[10.78125,6.46875,10.8125,6.84375],"tintindex":0,"rotation":0,"texture":"#4"},"up":{"uv":[10.78125,6.46875,11.125,6.5],"tintindex":0,"rotation":0,"texture":"#4"},"down":{"uv":[10.78125,6.8125,11.125,6.84375],"tintindex":0,"rotation":0,"texture":"#4"}}},{"from":[20.263435,16.723969,4.3852262],"to":[20.501087,17.112238,8.037653],"faces":{"east":{"uv":[10.34375,8.4375,10.375,8.59375],"tintindex":0,"rotation":0,"texture":"#4"},"south":{"uv":[10.34375,8.4375,10.375,8.59375],"tintindex":0,"rotation":0,"texture":"#4"},"north":{"uv":[10.375,8.4375,10.34375,8.59375],"tintindex":0,"rotation":0,"texture":"#4"},"west":{"uv":[10.34375,8.4375,10.375,8.59375],"tintindex":0,"rotation":0,"texture":"#4"},"up":{"uv":[10.34375,8.4375,10.375,8.46875],"tintindex":0,"rotation":0,"texture":"#4"},"down":{"uv":[10.34375,8.5625,10.375,8.59375],"tintindex":0,"rotation":0,"texture":"#4"}}},{"from":[16.723969,16.498045,4.3852262],"to":[17.564083,18.994932,8.037653],"faces":{"east":{"uv":[7.90625,6.875,7.9375,8.78125],"tintindex":0,"rotation":0,"texture":"#4"},"south":{"uv":[7.40625,6.875,7.9375,8.78125],"tintindex":0,"rotation":0,"texture":"#4"},"north":{"uv":[7.9375,6.875,7.40625,8.78125],"tintindex":0,"rotation":0,"texture":"#4"},"west":{"uv":[7.40625,6.875,7.4375,8.78125],"tintindex":0,"rotation":0,"texture":"#4"},"up":{"uv":[7.40625,6.875,7.9375,6.90625],"tintindex":0,"rotation":0,"texture":"#4"},"down":{"uv":[7.40625,8.75,7.9375,8.78125],"tintindex":0,"rotation":0,"texture":"#4"}}},{"from":[23.087475,16.498045,4.3852262],"to":[23.965244,17.865314,8.037653],"faces":{"east":{"uv":[13.21875,7.8125,13.25,8.78125],"tintindex":0,"rotation":0,"texture":"#4"},"south":{"uv":[12.6875,7.8125,13.25,8.78125],"tintindex":0,"rotation":0,"texture":"#4"},"north":{"uv":[13.25,7.8125,12.6875,8.78125],"tintindex":0,"rotation":0,"texture":"#4"},"west":{"uv":[12.6875,7.8125,12.71875,8.78125],"tintindex":0,"rotation":0,"texture":"#4"},"up":{"uv":[12.6875,7.8125,13.25,7.84375],"tintindex":0,"rotation":0,"texture":"#4"},"down":{"uv":[12.6875,8.75,13.25,8.78125],"tintindex":0,"rotation":0,"texture":"#4"}}},{"from":[10.209847,16.498045,4.3852262],"to":[11.087618,17.639395,8.037653],"faces":{"east":{"uv":[2.53125,8.0,2.5625,8.78125],"tintindex":0,"rotation":0,"texture":"#4"},"south":{"uv":[2.0,8.0,2.5625,8.78125],"tintindex":0,"rotation":0,"texture":"#4"},"north":{"uv":[2.5625,8.0,2.0,8.78125],"tintindex":0,"rotation":0,"texture":"#4"},"west":{"uv":[2.0,8.0,2.03125,8.78125],"tintindex":0,"rotation":0,"texture":"#4"},"up":{"uv":[2.0,8.0,2.5625,8.03125],"tintindex":0,"rotation":0,"texture":"#4"},"down":{"uv":[2.0,8.75,2.5625,8.78125],"tintindex":0,"rotation":0,"texture":"#4"}}},{"from":[13.410427,17.21347,4.3852262],"to":[15.229544,17.865314,8.037653],"faces":{"east":{"uv":[5.96875,7.8125,6.0,8.1875],"tintindex":0,"rotation":0,"texture":"#4"},"south":{"uv":[4.65625,7.8125,6.0,8.1875],"tintindex":0,"rotation":0,"texture":"#4"},"north":{"uv":[6.0,7.8125,4.65625,8.1875],"tintindex":0,"rotation":0,"texture":"#4"},"west":{"uv":[4.65625,7.8125,4.6875,8.1875],"tintindex":0,"rotation":0,"texture":"#4"},"up":{"uv":[4.65625,7.8125,6.0,7.84375],"tintindex":0,"rotation":0,"texture":"#4"},"down":{"uv":[4.65625,8.15625,6.0,8.1875],"tintindex":0,"rotation":0,"texture":"#4"}}},{"from":[9.042577,16.498045,4.3852262],"to":[9.920347,18.091238,8.037653],"faces":{"east":{"uv":[1.5625,7.625,1.59375,8.78125],"tintindex":0,"rotation":0,"texture":"#4"},"south":{"uv":[1.03125,7.625,1.59375,8.78125],"tintindex":0,"rotation":0,"texture":"#4"},"north":{"uv":[1.59375,7.625,1.03125,8.78125],"tintindex":0,"rotation":0,"texture":"#4"},"west":{"uv":[1.03125,7.625,1.0625,8.78125],"tintindex":0,"rotation":0,"texture":"#4"},"up":{"uv":[1.03125,7.625,1.59375,7.65625],"tintindex":0,"rotation":0,"texture":"#4"},"down":{"uv":[1.03125,8.75,1.59375,8.78125],"tintindex":0,"rotation":0,"texture":"#4"}}},{"from":[19.096165,15.820277,4.3852262],"to":[19.785664,16.434467,8.037653],"faces":{"east":{"uv":[9.75,9.0,9.78125,9.34375],"tintindex":0,"rotation":0,"texture":"#4"},"south":{"uv":[9.375,9.0,9.78125,9.34375],"tintindex":0,"rotation":0,"texture":"#4"},"north":{"uv":[9.78125,9.0,9.375,9.34375],"tintindex":0,"rotation":0,"texture":"#4"},"west":{"uv":[9.375,9.0,9.40625,9.34375],"tintindex":0,"rotation":0,"texture":"#4"},"up":{"uv":[9.375,9.0,9.78125,9.03125],"tintindex":0,"rotation":0,"texture":"#4"},"down":{"uv":[9.375,9.3125,9.78125,9.34375],"tintindex":0,"rotation":0,"texture":"#4"}}},{"from":[14.803621,16.535702,4.3852262],"to":[15.756698,17.14989,8.037653],"faces":{"east":{"uv":[6.40625,8.40625,6.4375,8.75],"tintindex":0,"rotation":0,"texture":"#4"},"south":{"uv":[5.8125,8.40625,6.4375,8.75],"tintindex":0,"rotation":0,"texture":"#4"},"north":{"uv":[6.4375,8.40625,5.8125,8.75],"tintindex":0,"rotation":0,"texture":"#4"},"west":{"uv":[5.8125,8.40625,5.84375,8.75],"tintindex":0,"rotation":0,"texture":"#4"},"up":{"uv":[5.8125,8.40625,6.4375,8.4375],"tintindex":0,"rotation":0,"texture":"#4"},"down":{"uv":[5.8125,8.71875,6.4375,8.75],"tintindex":0,"rotation":0,"texture":"#4"}}},{"from":[13.674004,16.498045,4.3852262],"to":[15.00362,17.413471,8.037653],"faces":{"east":{"uv":[5.78125,8.1875,5.8125,8.78125],"tintindex":0,"rotation":0,"texture":"#4"},"south":{"uv":[4.875,8.1875,5.8125,8.78125],"tintindex":0,"rotation":0,"texture":"#4"},"north":{"uv":[5.8125,8.1875,4.875,8.78125],"tintindex":0,"rotation":0,"texture":"#4"},"west":{"uv":[4.875,8.1875,4.90625,8.78125],"tintindex":0,"rotation":0,"texture":"#4"},"up":{"uv":[4.875,8.1875,5.8125,8.21875],"tintindex":0,"rotation":0,"texture":"#4"},"down":{"uv":[4.875,8.75,5.8125,8.78125],"tintindex":0,"rotation":0,"texture":"#4"}}},{"from":[12.28081,16.498045,4.3852262],"to":[13.158581,18.994932,8.037653],"faces":{"east":{"uv":[4.25,6.875,4.28125,8.78125],"tintindex":0,"rotation":0,"texture":"#4"},"south":{"uv":[3.71875,6.875,4.28125,8.78125],"tintindex":0,"rotation":0,"texture":"#4"},"north":{"uv":[4.28125,6.875,3.71875,8.78125],"tintindex":0,"rotation":0,"texture":"#4"},"west":{"uv":[3.71875,6.875,3.75,8.78125],"tintindex":0,"rotation":0,"texture":"#4"},"up":{"uv":[3.71875,6.875,4.28125,6.90625],"tintindex":0,"rotation":0,"texture":"#4"},"down":{"uv":[3.71875,8.75,4.28125,8.78125],"tintindex":0,"rotation":0,"texture":"#4"}}},{"from":[23.539322,17.89124,4.3852262],"to":[24.191166,18.543083,8.037653],"faces":{"east":{"uv":[13.40625,7.25,13.4375,7.625],"tintindex":0,"rotation":0,"texture":"#4"},"south":{"uv":[13.0625,7.25,13.4375,7.625],"tintindex":0,"rotation":0,"texture":"#4"},"north":{"uv":[13.4375,7.25,13.0625,7.625],"tintindex":0,"rotation":0,"texture":"#4"},"west":{"uv":[13.0625,7.25,13.09375,7.625],"tintindex":0,"rotation":0,"texture":"#4"},"up":{"uv":[13.0625,7.25,13.4375,7.28125],"tintindex":0,"rotation":0,"texture":"#4"},"down":{"uv":[13.0625,7.59375,13.4375,7.625],"tintindex":0,"rotation":0,"texture":"#4"}}},{"from":[22.372051,16.498045,4.3852262],"to":[23.287476,17.14989,8.037653],"faces":{"east":{"uv":[12.65625,8.40625,12.6875,8.78125],"tintindex":0,"rotation":0,"texture":"#4"},"south":{"uv":[12.09375,8.40625,12.6875,8.78125],"tintindex":0,"rotation":0,"texture":"#4"},"north":{"uv":[12.6875,8.40625,12.09375,8.78125],"tintindex":0,"rotation":0,"texture":"#4"},"west":{"uv":[12.09375,8.40625,12.125,8.78125],"tintindex":0,"rotation":0,"texture":"#4"},"up":{"uv":[12.09375,8.40625,12.6875,8.4375],"tintindex":0,"rotation":0,"texture":"#4"},"down":{"uv":[12.09375,8.75,12.6875,8.78125],"tintindex":0,"rotation":0,"texture":"#4"}}},{"from":[21.694283,18.832588,4.3852262],"to":[22.346127,19.484432,8.037653],"faces":{"east":{"uv":[11.875,6.46875,11.90625,6.84375],"tintindex":0,"rotation":0,"texture":"#4"},"south":{"uv":[11.53125,6.46875,11.90625,6.84375],"tintindex":0,"rotation":0,"texture":"#4"},"north":{"uv":[11.90625,6.46875,11.53125,6.84375],"tintindex":0,"rotation":0,"texture":"#4"},"west":{"uv":[11.53125,6.46875,11.5625,6.84375],"tintindex":0,"rotation":0,"texture":"#4"},"up":{"uv":[11.53125,6.46875,11.90625,6.5],"tintindex":0,"rotation":0,"texture":"#4"},"down":{"uv":[11.53125,6.8125,11.90625,6.84375],"tintindex":0,"rotation":0,"texture":"#4"}}},{"from":[9.004924,16.498045,4.3852262],"to":[9.242578,17.14989,8.037653],"faces":{"east":{"uv":[1.0,8.40625,1.03125,8.78125],"tintindex":0,"rotation":0,"texture":"#4"},"south":{"uv":[1.0,8.40625,1.03125,8.78125],"tintindex":0,"rotation":0,"texture":"#4"},"north":{"uv":[1.03125,8.40625,1.0,8.78125],"tintindex":0,"rotation":0,"texture":"#4"},"west":{"uv":[1.0,8.40625,1.03125,8.78125],"tintindex":0,"rotation":0,"texture":"#4"},"up":{"uv":[1.0,8.40625,1.03125,8.4375],"tintindex":0,"rotation":0,"texture":"#4"},"down":{"uv":[1.0,8.75,1.03125,8.78125],"tintindex":0,"rotation":0,"texture":"#4"}}},{"from":[9.720347,16.498045,4.3852262],"to":[10.409847,17.14989,8.037653],"faces":{"east":{"uv":[1.96875,8.40625,2.0,8.78125],"tintindex":0,"rotation":0,"texture":"#4"},"south":{"uv":[1.59375,8.40625,2.0,8.78125],"tintindex":0,"rotation":0,"texture":"#4"},"north":{"uv":[2.0,8.40625,1.59375,8.78125],"tintindex":0,"rotation":0,"texture":"#4"},"west":{"uv":[1.59375,8.40625,1.625,8.78125],"tintindex":0,"rotation":0,"texture":"#4"},"up":{"uv":[1.59375,8.40625,2.0,8.4375],"tintindex":0,"rotation":0,"texture":"#4"},"down":{"uv":[1.59375,8.75,2.0,8.78125],"tintindex":0,"rotation":0,"texture":"#4"}}},{"from":[14.803621,16.498045,4.3852262],"to":[15.229544,16.7357,8.037653],"faces":{"east":{"uv":[5.96875,8.75,6.0,8.78125],"tintindex":0,"rotation":0,"texture":"#4"},"south":{"uv":[5.8125,8.75,6.0,8.78125],"tintindex":0,"rotation":0,"texture":"#4"},"north":{"uv":[6.0,8.75,5.8125,8.78125],"tintindex":0,"rotation":0,"texture":"#4"},"west":{"uv":[5.8125,8.75,5.84375,8.78125],"tintindex":0,"rotation":0,"texture":"#4"},"up":{"uv":[5.8125,8.75,6.0,8.78125],"tintindex":0,"rotation":0,"texture":"#4"},"down":{"uv":[5.8125,8.75,6.0,8.78125],"tintindex":0,"rotation":0,"texture":"#4"}}},{"from":[20.301086,16.498045,4.3852262],"to":[21.894281,17.14989,8.037653],"faces":{"east":{"uv":[11.5,8.40625,11.53125,8.78125],"tintindex":0,"rotation":0,"texture":"#4"},"south":{"uv":[10.375,8.40625,11.53125,8.78125],"tintindex":0,"rotation":0,"texture":"#4"},"north":{"uv":[11.53125,8.40625,10.375,8.78125],"tintindex":0,"rotation":0,"texture":"#4"},"west":{"uv":[10.375,8.40625,10.40625,8.78125],"tintindex":0,"rotation":0,"texture":"#4"},"up":{"uv":[10.375,8.40625,11.53125,8.4375],"tintindex":0,"rotation":0,"texture":"#4"},"down":{"uv":[10.375,8.75,11.53125,8.78125],"tintindex":0,"rotation":0,"texture":"#4"}}},{"from":[11.377117,16.498045,4.3852262],"to":[12.217234,18.994932,8.037653],"faces":{"east":{"uv":[3.46875,6.875,3.5,8.78125],"tintindex":0,"rotation":0,"texture":"#4"},"south":{"uv":[2.96875,6.875,3.5,8.78125],"tintindex":0,"rotation":0,"texture":"#4"},"north":{"uv":[3.5,6.875,2.96875,8.78125],"tintindex":0,"rotation":0,"texture":"#4"},"west":{"uv":[2.96875,6.875,3.0,8.78125],"tintindex":0,"rotation":0,"texture":"#4"},"up":{"uv":[2.96875,6.875,3.5,6.90625],"tintindex":0,"rotation":0,"texture":"#4"},"down":{"uv":[2.96875,8.75,3.5,8.78125],"tintindex":0,"rotation":0,"texture":"#4"}}},{"from":[21.694283,16.498045,4.3852262],"to":[22.572052,18.354818,8.037653],"faces":{"east":{"uv":[12.0625,7.40625,12.09375,8.78125],"tintindex":0,"rotation":0,"texture":"#4"},"south":{"uv":[11.53125,7.40625,12.09375,8.78125],"tintindex":0,"rotation":0,"texture":"#4"},"north":{"uv":[12.09375,7.40625,11.53125,8.78125],"tintindex":0,"rotation":0,"texture":"#4"},"west":{"uv":[11.53125,7.40625,11.5625,8.78125],"tintindex":0,"rotation":0,"texture":"#4"},"up":{"uv":[11.53125,7.40625,12.09375,7.4375],"tintindex":0,"rotation":0,"texture":"#4"},"down":{"uv":[11.53125,8.75,12.09375,8.78125],"tintindex":0,"rotation":0,"texture":"#4"}}},{"from":[22.597973,17.89124,4.3852262],"to":[23.24982,18.543083,8.037653],"faces":{"east":{"uv":[12.625,7.25,12.65625,7.625],"tintindex":0,"rotation":0,"texture":"#4"},"south":{"uv":[12.28125,7.25,12.65625,7.625],"tintindex":0,"rotation":0,"texture":"#4"},"north":{"uv":[12.65625,7.25,12.28125,7.625],"tintindex":0,"rotation":0,"texture":"#4"},"west":{"uv":[12.28125,7.25,12.3125,7.625],"tintindex":0,"rotation":0,"texture":"#4"},"up":{"uv":[12.28125,7.25,12.65625,7.28125],"tintindex":0,"rotation":0,"texture":"#4"},"down":{"uv":[12.28125,7.59375,12.65625,7.625],"tintindex":0,"rotation":0,"texture":"#4"}}},{"from":[18.418394,15.820277,4.3852262],"to":[19.296165,17.14989,8.037653],"faces":{"east":{"uv":[9.34375,8.40625,9.375,9.34375],"tintindex":0,"rotation":0,"texture":"#4"},"south":{"uv":[8.8125,8.40625,9.375,9.34375],"tintindex":0,"rotation":0,"texture":"#4"},"north":{"uv":[9.375,8.40625,8.8125,9.34375],"tintindex":0,"rotation":0,"texture":"#4"},"west":{"uv":[8.8125,8.40625,8.84375,9.34375],"tintindex":0,"rotation":0,"texture":"#4"},"up":{"uv":[8.8125,8.40625,9.375,8.4375],"tintindex":0,"rotation":0,"texture":"#4"},"down":{"uv":[8.8125,9.3125,9.375,9.34375],"tintindex":0,"rotation":0,"texture":"#4"}}}],"display":{"head":{"rotation":[0.0,0.0,0.0]},"firstperson_righthand":{"rotation":[0.0,0.0,0.0]},"thirdperson_lefthand":{"rotation":[0.0,-0.0,-0.0]},"firstperson_lefthand":{"rotation":[0.0,-0.0,-0.0]},"fixed":{"rotation":[0.0,0.0,0.0]},"ground":{"rotation":[0.0,0.0,0.0]},"thirdperson_righthand":{"rotation":[0.0,0.0,0.0]},"gui":{"rotation":[-150.0,-45.0,180.0]}}}