{"textures":{"0":"modelengine:entity/bin-ladin","particle":"#0"},"elements":[{"from":[4.24,8.0,4.24],"to":[11.76,15.520002,11.76],"faces":{"east":{"uv":[0.0,2.0,2.0,4.0],"tintindex":0,"rotation":0,"texture":"#0"},"south":{"uv":[6.0,2.0,8.0,4.0],"tintindex":0,"rotation":0,"texture":"#0"},"north":{"uv":[2.0,2.0,4.0,4.0],"tintindex":0,"rotation":0,"texture":"#0"},"west":{"uv":[4.0,2.0,6.0,4.0],"tintindex":0,"rotation":0,"texture":"#0"},"up":{"uv":[4.0,2.0,2.0,0.0],"tintindex":0,"rotation":0,"texture":"#0"},"down":{"uv":[6.0,0.0,4.0,2.0],"tintindex":0,"rotation":0,"texture":"#0"}}}],"display":{"head":{"rotation":[27.5,0.0,-0.0]},"firstperson_righthand":{"rotation":[27.5,0.0,-0.0]},"thirdperson_lefthand":{"rotation":[27.5,-0.0,0.0]},"firstperson_lefthand":{"rotation":[27.5,-0.0,0.0]},"fixed":{"rotation":[27.5,0.0,-0.0]},"ground":{"rotation":[27.5,0.0,-0.0]},"thirdperson_righthand":{"rotation":[27.5,0.0,-0.0]},"gui":{"rotation":[173.63976,-38.84468,155.21494]}}}