{"textures":{"0":"modelengine:entity/bin-ladin","particle":"#0"},"elements":[{"from":[5.18,-1.4000006,6.12],"to":[8.94,9.879999,9.88],"faces":{"east":{"uv":[8.0,13.0,9.0,16.0],"tintindex":0,"rotation":0,"texture":"#0"},"south":{"uv":[11.0,13.0,12.0,16.0],"tintindex":0,"rotation":0,"texture":"#0"},"north":{"uv":[9.0,13.0,10.0,16.0],"tintindex":0,"rotation":0,"texture":"#0"},"west":{"uv":[10.0,13.0,11.0,16.0],"tintindex":0,"rotation":0,"texture":"#0"},"up":{"uv":[10.0,13.0,9.0,12.0],"tintindex":0,"rotation":0,"texture":"#0"},"down":{"uv":[11.0,12.0,10.0,13.0],"tintindex":0,"rotation":0,"texture":"#0"}}}],"display":{"head":{"rotation":[0.0,0.0,0.0]},"firstperson_righthand":{"rotation":[0.0,0.0,0.0]},"thirdperson_lefthand":{"rotation":[0.0,-0.0,-0.0]},"firstperson_lefthand":{"rotation":[0.0,-0.0,-0.0]},"fixed":{"rotation":[0.0,0.0,0.0]},"ground":{"rotation":[0.0,0.0,0.0]},"thirdperson_righthand":{"rotation":[0.0,0.0,0.0]},"gui":{"rotation":[-150.0,-45.0,180.0]}}}