{"textures":{"0":"modelengine:entity/bin-ladin","particle":"#0"},"elements":[{"from":[6.12,-3.2799997,6.12],"to":[9.88,8.0,9.88],"faces":{"east":{"uv":[4.0,13.0,5.0,16.0],"tintindex":0,"rotation":0,"texture":"#0"},"south":{"uv":[7.0,13.0,8.0,16.0],"tintindex":0,"rotation":0,"texture":"#0"},"north":{"uv":[5.0,13.0,6.0,16.0],"tintindex":0,"rotation":0,"texture":"#0"},"west":{"uv":[6.0,13.0,7.0,16.0],"tintindex":0,"rotation":0,"texture":"#0"},"up":{"uv":[6.0,13.0,5.0,12.0],"tintindex":0,"rotation":0,"texture":"#0"},"down":{"uv":[7.0,12.0,6.0,13.0],"tintindex":0,"rotation":0,"texture":"#0"}}}],"display":{"head":{"rotation":[0.0,0.0,0.0]},"firstperson_righthand":{"rotation":[0.0,0.0,0.0]},"thirdperson_lefthand":{"rotation":[0.0,-0.0,-0.0]},"firstperson_lefthand":{"rotation":[0.0,-0.0,-0.0]},"fixed":{"rotation":[0.0,0.0,0.0]},"ground":{"rotation":[0.0,0.0,0.0]},"thirdperson_righthand":{"rotation":[0.0,0.0,0.0]},"gui":{"rotation":[-150.0,-45.0,180.0]}}}