{"textures":{"1":"modelengine:entity/portal","particle":"#1"},"elements":[{"from":[-1.0,0.0,8.0],"to":[17.0,16.0,8.0],"faces":{"south":{"uv":[5.0,3.0,7.25,5.0],"tintindex":0,"rotation":0,"texture":"#1"},"north":{"uv":[5.0,3.0,7.25,5.0],"tintindex":0,"rotation":0,"texture":"#1"}}}],"display":{"head":{"rotation":[0.0,0.0,0.0]},"firstperson_righthand":{"rotation":[0.0,0.0,0.0]},"thirdperson_lefthand":{"rotation":[0.0,-0.0,-0.0]},"firstperson_lefthand":{"rotation":[0.0,-0.0,-0.0]},"fixed":{"rotation":[0.0,0.0,0.0]},"ground":{"rotation":[0.0,0.0,0.0]},"thirdperson_righthand":{"rotation":[0.0,0.0,0.0]},"gui":{"rotation":[-150.0,-45.0,180.0]}}}